Material_Class,Composition_Formula,Hydrogen_Weight_Percent,Heat_of_Formation_kJperMolH2,Temperature_oC,Pressure_Atmospheres_Absolute,Entropy_of_Formation_JperMolH2perK,LnEquilibrium_Pressure_25C,HtoM
A2B,Th2Al,0.8,130.0,500.0,0.001,110.71113411383678,-39.127349187648704,1.3095709021377366
A2B,Ti2Cu,2.2,130.0,500.0,0.12,150.51510167451383,-34.33985744486666,1.18484976358187
A2B,Zr2Cu,1.3,144.0,600.0,0.003,116.6219783432098,-44.064154684891946,1.071442643251154
A2B,Zr2Ni,1.3,183.0,604.0,0.003,160.33208440571488,-54.53984259151432,1.0503068327409768
A2B,Mg2Ni,3.6,64.5,299.0,3.2,122.40329577151846,-11.297686785323176,1.3251259632483698
A2B,Mg2Co0.25Ni0.75,3.1,64.5,279.0,1.0,116.81608258625374,-11.969698613009502,1.1358269759536368
A2B,Mg2Fe0.25Ni0.75,3.3,65.2,300.0,1.9,119.09378137973276,-11.978131541799696,1.202894219563041
A2B,Mg2Cr0.25Ni0.75,3.2,61.0,250.0,0.9,115.72537308383632,-10.688949950521277,1.1547189973326335
A2B,Mg2Cu0.25Ni0.75,3.2,59.0,250.0,1.2,114.29421225881924,-10.054264945778892,1.1862843806025627
A2B,Mg2Ti0.25Ni0.75,3.2,59.0,250.0,1.3,114.95970005720751,-9.974222238105355,1.1434343434343437
AB,ThCo,1.4,46.8,40.0,0.05,124.5421513330249,-3.900071890617428,2.049324254845616
AB,ThNi,1.2,45.3,40.0,0.01,106.37099190480488,-5.480524558914876,1.7515631627144783
AB,Ti0.46Mn0.05V0.05Fe0.45,1.7,28.6,22.0,2.0,102.66281728580611,0.810418378328218,0.8908435019266714
AB,Zr0.04Ti0.96Nb0.04Fe0.95,1.7,31.8,30.0,1.4,107.696048741153,0.1248864880154619,0.9170692230144246
AB,Ti0.9Fe0.9B0.2,1.5,7.6,27.0,14.0,47.26221524537158,2.618628094771769,0.7214089315929417
AB,La0.1Ti0.9Co1,1.5,60.0,150.0,3.2,151.46431095449014,-5.98697656928881,0.8755139744984288
AB,Zr0.1Ti0.9Fe1,1.0,28.9,30.0,3.3,105.25880496078123,1.001632275557145,0.5413645382395382
AB,TiCo,1.3,57.8,150.0,2.2,143.14994806628025,-6.099498681496754,0.6977626480556762
AB,Ti1Fe0.5Co0.5,1.1,42.3,100.0,4.0,124.88511065111987,-2.0434760191459582,0.580701743233104
AB,Ti1Mn0.5Co0.5,1.6,46.9,120.0,3.2,128.9635115278683,-3.4086260869738685,0.8452914892244161
AB,TiCu,1.6,126.0,500.0,0.15,147.19671233730688,-33.12534177328579,0.8986078848883727
AB,TiFe,1.9,28.1,30.0,5.2,106.40059606234054,1.4616913445867017,0.9963755804734398
AB,Ti1Fe0.6Ni0.4,1.5,48.6,50.0,0.035,122.5221069738912,-4.869174591390732,0.7920244138264443
AB,Ti1Mn0.2Fe0.7,2.0,34.7,40.0,1.4,113.6069998806453,-0.3340530777399251,1.0437031034218198
AB,Ti1Be0.2Fe0.8,1.4,30.5,21.0,0.7,100.7231420594093,-0.1893588032592206,0.6644793526031102
AB,Ti1V0.05Fe0.8Ni0.15,1.3,41.0,150.0,7.0,113.07096133583066,-2.9400102266592545,0.6787760253333013
AB,Ti1Fe0.8Ni0.2,1.0,41.9,50.0,0.28,119.07750904339922,-2.580631374708493,0.5224951899951901
AB,Ti1Mn0.05Fe0.95,1.6,29.3,50.0,9.0,108.93804200203068,1.2827948642660227,0.8361292767615177
AB,Ti1Al0.1Fe0.9,1.3,30.0,25.0,1.2,102.13634345272838,0.1823215567939553,0.6587289024078898
AB,Ti1Fe0.9Co0.1,1.5,30.6,50.0,5.0,108.07398979419207,0.6544362325723925,0.7857506911711385
AB,Ti1Cr0.1Fe0.9,1.1,30.5,150.0,20.0,96.98545361899276,-0.6389158108190417,0.5700594485772066
AB,Ti1Mn0.1Fe0.9,1.9,29.5,25.0,2.6,106.88775890335351,0.9555114450274368,0.9955042562153134
AB,Ti1Fe0.9Ni0.1,1.4,35.6,50.0,1.8,115.05250958057572,-0.5232610410807836,0.7324546427766507
AB,ErAg,0.3,35.2,790.0,0.01,-5.178960397200568,-14.822947083157208,0.4106474184458136
AB,HfCo,1.3,59.0,50.0,0.001,125.14557454822528,-8.749098387212227,1.5511679286076134
AB,HfNi,1.3,50.0,50.0,0.02,122.20172573034142,-5.472483266640087,1.5496012648558242
AB,Li0.94Pd1,0.9,69.2,300.0,0.02,88.21110067183629,-17.30624066824515,0.5245318135680627
AB,UCo,0.6,55.0,150.0,0.08,108.97823979275478,-9.080012075144866,0.8891506928475617
AB,Hf0.5Zr0.5Co1,1.1,76.2,200.0,0.2,147.66717064845412,-12.97892927886059,1.069147600289695
AB,Hf0.3Zr0.7Co1,1.4,80.3,200.0,0.03,140.55954157208177,-15.487793549866536,1.241949761945008
AB,ZrCo,1.7,76.3,200.0,0.005,117.20858980146023,-16.68272932531892,1.2881042781855028
AB,Zr1Co0.84Ni0.16,1.6,83.0,250.0,0.01,120.36618850011102,-19.0057918760482,1.210791939282488
AB,ZrNi,2.0,64.0,300.0,1.0,111.66361336473874,-12.387715757518617,1.517628360868157
AB2,CaNi2,2.1,85.0,25.0,0.05,260.1844025040857,-2.995732273553992,1.1169617523550108
AB2,DyFe2,1.5,58.0,80.0,0.0001,87.65992597511006,-12.854340076532177,1.3807811618725323
AB2,Ce0.5Th1.5Al1,0.4,133.0,650.0,0.0003,76.62973058967334,-44.43678010281463,0.5911166207156671
AB2,Zr0.5Ti0.5Mn1.2Fe0.3,1.9,39.0,120.0,1.5,102.5698804697131,-3.396225701580591,1.1699547052732069
AB2,Zr0.5Ti0.5Mn2,1.8,40.0,70.0,1.5,119.93820031408868,-1.7106308735655071,1.0875617665599846
AB2,Zr0.4Ti0.6Mn1.4Cr0.4Cu0.2,1.8,48.0,20.0,0.3,153.72867899722445,-0.8737035059638623,1.064583351517797
AB2,Zr0.4Ti0.6Mn1.9Cu0.1,1.7,40.6,20.0,0.5,132.73271482119557,-0.4137943990286888,1.006224081037694
AB2,Zr0.3Ti0.7Mn1.9Mo0.1,1.7,41.0,17.0,0.9,140.43023684071255,0.3506744360807625,0.9999544348837648
AB2,Zr0.2Ti0.8Cr1.8,,23.0,0.0,3.0,93.3368562112798,1.947819161700853,
AB2,Zr0.2Ti0.8Mn1Cr1,,30.0,0.0,2.0,115.5926997355848,1.8008083192983042,
AB2,Zr0.2Ti0.8Mn0.8Cr1Fe0.2,1.8,28.0,20.0,12.0,116.17415084220004,2.677563740499213,0.9919863252836776
AB2,Zr0.2Ti0.8Mn1.2Cr0.8,2.0,28.9,20.0,5.0,111.9654651913867,1.8082875524896007,1.1072031503077422
AB2,Zr0.2Ti0.8Mn1.2V0.2Cr0.6,1.9,30.5,20.0,2.2,110.59765902303924,0.9983159770318396,1.0494198859009003
AB2,Zr0.2Ti0.8Mn1.4V0.2Cr0.4,1.9,29.0,20.0,9.0,117.19353927380445,2.396762278429975,1.0531883757665488
AB2,Zr0.2Ti0.8Mn1.5Cr0.5,2.0,27.5,30.0,10.0,109.85822647786034,2.1196099959293253,1.113159469144801
AB2,Zr0.2Ti0.8Mn1.5Cu0.5,1.6,27.0,30.0,3.0,98.198856643679,0.91896401155002,0.917959669527251
AB2,Zr0.2Ti0.8Mn1.5Fe0.5,1.7,25.4,30.0,11.0,103.72338673624576,2.2288928195095017,0.9543036674726972
AB2,Zr0.2Ti0.8Mn1.5V0.5,2.0,45.6,30.0,0.5,144.65764799979453,-0.9965531596927206,1.109600863162726
AB2,Zr0.2Ti0.8Mn1.6V0.2Cr0.2,1.9,30.5,20.0,2.0,109.80523503382749,0.9030057972275136,1.0569568656321968
AB2,Zr0.2Ti0.8Mn1.7V0.2Mo0.1,2.0,35.0,14.0,1.0,121.8875152359394,0.5408773180932493,1.145363463043948
AB2,Zr0.2Ti0.8Mn1.8Mo0.2,1.7,29.0,20.0,4.0,110.45133651827751,1.585832062213646,0.9986076047436044
AB2,Zr0.2Ti0.8Mn0.2V0.6Fe0.2Ni0.8Pd0.1,1.3,46.5,25.0,0.01,117.6736470642801,-4.60517018598809,0.7518152571414152
AB2,Zr0.05Ti0.95Mn0.8Cr1.2,1.7,21.9,20.0,5.5,88.87932871667212,1.8554334596161208,0.8943273419291986
AB2,Ti1V1.4Ni0.6,2.9,28.8,60.0,0.4,78.82935931535464,-2.136874457590316,1.5249214863311156
AB2,Ti1V1.6Ni0.4,3.3,33.2,120.0,1.0,84.44614015006997,-3.2363111508119644,1.7249371727318987
AB2,Ti1V1.8Ni0.2,3.6,35.3,90.0,0.08,76.20570216351969,-5.074605619245799,1.8684595435684648
AB2,TmFe2,1.6,56.8,80.0,0.003,112.54003227376724,-9.377749597534384,1.5089270120875813
AB2,UAlNi,0.5,74.6,100.0,0.0003,132.47740632726962,-14.160448422973134,0.537914188335859
AB2,Zr1Cr0.5Fe1.5,1.4,25.6,45.0,3.0,89.59922662342105,0.4494027472411181,0.9437192453609796
AB2,Zr1Mn0.48V0.48Ni1.44,1.6,39.9,30.0,0.3,121.60798955885843,-1.4694530360671134,1.0749236979344583
AB2,Zr0.5Ti0.5Cr1Fe1,1.8,27.0,23.0,4.0,102.69588693415672,1.459852186827605,1.07522669964116
AB2,Ho0.4Zr0.6Co2,1.0,29.3,50.0,2.0,96.43290337692665,-0.2212825325102524,0.7969006132756132
AB2,Zr0.76Ti0.24Mn0.63V0.14Fe0.18Ni1.16,1.6,29.7,30.0,5.0,111.35242404057747,1.4118248076042024,1.040988705263909
AB2,Zr1Cr2Fe0.8,1.2,46.5,100.0,0.8,122.75951521436946,-3.9934585083440433,0.7606700201921809
AB2,Zr1Cr2Ni0.8,1.4,37.9,100.0,1.0,101.56773415516548,-3.0730093950845307,0.8976953667129283
AB2,Zr1Cr1Fe1.2,1.4,34.0,120.0,7.0,102.6595932796336,-1.3683844029810368,0.9254304182161368
AB2,Zr1Cr1Fe1.6,1.2,29.1,30.0,2.5,103.61026996219287,0.7226698109802127,0.7784287776064093
AB2,Zr1Cr1Fe1.8,1.3,19.0,23.0,6.0,79.05365047636388,1.843522383614964,0.8381289416973708
AB2,Zr1Cr1Fe1Co0.8,1.1,20.0,0.0,10.0,92.36390115152074,3.041025852152952,0.714925641961324
AB2,Zr1Cr1Fe1Cu0.8,1.2,28.0,23.0,3.0,103.68071967178764,1.1748944782909256,0.792409604476779
AB2,Zr1Mn0.8Cr1Fe1,1.4,32.0,23.0,0.6,103.8062658849606,-0.4236459784827751,0.9008262458038264
AB2,Zr1Cr1Fe1Ni0.8,1.1,21.0,0.0,8.0,94.16964231493668,2.8548043387966886,0.7143686071008327
AB2,Zr1Cr1Fe1.4,1.7,21.0,23.0,1.0,70.9100118183353,0.057211642217111,1.1172224442506744
AB2,Zr1Cr0.6Fe1.4,1.5,29.9,20.0,3.0,111.12960265754012,1.3043425391061545,1.0102160381919263
AB2,Zr1Cr1Fe1.5,1.5,23.0,23.0,1.5,81.03444765498786,0.4681254781554763,0.9797800338409476
AB2,Zr1V0.5Fe1.5,1.6,32.2,50.0,0.25,88.11825637472482,-2.3912307693403814,1.0778931152406763
AB2,Zr1Al0.4Fe1.6,1.0,36.0,24.0,10.0,140.29499244596423,2.3514586138495948,0.639224972743306
AB2,ZrCrFe,1.7,49.4,50.0,0.1,133.72612555083708,-3.8443198310714446,1.1384363208943575
AB2,ZrMnFe,1.6,31.0,150.0,10.0,92.40413183425557,-1.391647386204773,1.086199536499333
AB2,ZrFeMo,1.2,29.8,30.0,0.6,94.0540855801756,-0.7091040925852156,0.976033834586466
AB2,ZrVFe,1.6,48.1,50.0,0.0012,92.93095923254762,-8.226596493474071,1.0647099625758163
AB2,Zr1Mn1.11Fe1.22,1.3,29.4,30.0,2.0,102.74462810114562,0.4975301676980253,0.8645839141808622
AB2,Zr1Mn1.22Fe1.11,1.5,13.0,23.0,1.0,43.896673982779,0.0354167308963071,0.9991697866285428
AB2,Zr1Mn1.22Fe1.14,1.2,31.0,40.0,2.0,104.75702815761798,0.0941188017358743,0.7958014416335025
AB2,Zr1Mn1.2Fe0.4,1.5,33.0,50.0,0.4,94.50157179099698,-1.9461945042740365,1.042931367490378
AB2,Zr1Mn1.53Fe1.27,1.0,9.0,23.0,4.0,41.91587680415503,1.410813636355795,0.6492513872275386
AB2,Zr1Mn1.8,1.6,38.8,50.0,0.1,100.92402126490174,-3.513502255694513,1.0952593018914885
AB2,ZrMn2,1.7,37.4,50.0,0.01,77.44760929446385,-5.772394461374624,1.150074255060903
AB2,Zr1Mn2.5,1.4,32.0,50.0,0.07,76.9157097164375,-3.657954604108421,0.9198988719050838
AB2,Zr1Mn2.6Fe0.2,1.4,15.0,100.0,0.12,22.57010350904001,-3.336494167500038,0.9090420751633986
AB2,Zr1Mn2.7,1.3,33.6,100.0,3.0,99.17825539017858,-1.6257443254437691,0.846003781544245
AB2,Zr1Mn2.8,,29.9,23.0,0.3,90.95232883354998,-1.1225143232644297,
AB2,Zr1Mn2.8Fe0.4,1.2,23.0,100.0,0.12,44.00920306685858,-3.985150504193342,0.7671092968226428
AB2,Zr1Mn2Co0.8,,20.9,23.0,4.0,82.09821683454504,1.443233566945492,
AB2,Zr1Mn2Cu0.8,,31.6,23.0,0.06,83.31154041900052,-2.72732081704286,
AB2,Zr1Mn2Fe0.8,,25.0,23.0,0.5,78.65374486653637,-0.6250380826824319,
AB2,Zr1Mn2Fe1.2,0.7,6.8,25.0,3.0,31.941349003168167,1.0986122886681098,0.4464353816663736
AB2,Zr1Mn2Ni0.8,,25.0,23.0,1.6,88.32436564023956,0.538112727123249,
AB2,ZrMn3,1.3,29.2,50.0,0.6,86.11342823606664,-1.422134416313765,0.8363928880506104
AB2,Zr1Mn3.8,1.2,17.0,30.0,0.7,53.11239705432372,-0.4697868221241967,0.7530559446492835
AB2,Zr1Mn1Fe0.7Co0.3,1.2,17.6,30.0,4.0,69.58293919750814,1.269190298998469,0.8150725511695907
AB2,ErFe2,1.5,57.9,80.0,0.001,106.5208187557202,-10.545472225426831,1.4047467971960357
AB2,GdCo2,1.5,48.0,200.0,2.0,107.21067971402388,-6.468737144748082,1.3854463278543228
AB2,GdRh2,0.9,49.0,142.0,6.0,132.92660096227476,-3.7791199731772287,1.0903518571909083
AB2,GdRu2,1.0,60.0,225.0,3.0,129.57968614827402,-8.61918805408434,1.2004636310191863
AB2,Ho0.6Zr0.4Co2,1.0,33.0,50.0,0.2,88.73863592141988,-2.6393416848339823,0.8461405790711346
AB2,Ho0.8Zr0.2Co2,1.2,25.0,50.0,0.2,63.98233079995926,-2.3896680430400714,1.0766316673092988
AB2,LaRh2,1.4,44.3,244.0,2.0,91.42473612095483,-6.874801400285063,1.618569557133198
AB2,LiPd2,0.8,51.0,300.0,0.16,73.74556822996999,-11.704042458020956,0.5861201783580814
AB2,YMgNi4,1.05,35.8,40.0,4.0,125.84808154276269,0.6945132010585429,0.6105504498624444
AB2,PrCo2,1.5,67.0,100.0,0.001,122.1202830741837,-12.340252098788564,1.3031486181613083
AB2,Zr0.02Ti0.98Mn1.5V0.43Cr0.05Fe0.09,1.9,27.4,20.0,9.0,111.73558259633556,2.385753301817904,1.005600858987902
AB2,Zr0.15Ti0.9Mn1.6V0.2Cr0.2,2.1,15.4,25.0,7.0,67.83045947303974,1.9459101490553137,1.1529851750140938
AB2,Zr0.2Ti0.9Mn1.4V0.2Cr0.4Fe0.2,2.1,25.5,25.0,3.0,94.66145633169408,1.0986122886681098,1.163280551944367
AB2,Zr0.2Ti0.9Mn1.4V0.2Cr0.4,2.1,26.7,25.0,1.9,94.88871407037534,0.641853886172394,1.1616603443825717
AB2,Zr0.2Ti0.9Mn1.6V0.2Cr0.2Fe0.2,2.1,30.0,25.0,7.0,116.79909941937548,1.9459101490553128,1.1670748083490678
AB2,Zr0.2Ti0.9Mn1.6V0.2Fe0.2Ni0.2,2.0,23.2,25.0,3.6,88.46306894424133,1.2809338454620651,1.1185835026651356
AB2,Zr0.2Ti0.9Mn1.6V0.2Ni0.2,2.1,31.7,25.0,2.7,114.5803741472122,0.993251773010284,1.1748942304524037
AB2,Zr0.2Ti0.9Mn1.8V0.2Fe0.2,2.0,29.1,25.0,3.0,106.735915496544,1.0986122886681098,1.1139755241923612
AB2,Zr0.2Ti0.9Mn1.8V0.2,2.1,26.0,25.0,3.0,96.33846454903434,1.0986122886681098,1.1697384386635477
AB2,Zr0.3Ti0.9Mn1.3V0.2Cr0.2Cu0.05Mo0.05,2.0,15.2,20.0,0.06,28.459444404507384,-2.7088254389453787,1.1501780214069752
AB2,Zr0.1Ti0.9Mn1V0.1Cr0.9,1.7,22.5,30.0,24.0,100.6435276863539,3.0283469327495385,0.9094869208421472
AB2,Ti1.2Mn0.1Cr1.9,1.8,20.1,-10.0,19.4,101.0360432184616,4.0437418723148,0.9190359194291898
AB2,Ti1.2Mn1Cr1,2.0,25.5,-10.0,5.7,111.37341959895838,3.108672869331085,1.0399871499939262
AB2,Ti1Cr1.8,1.9,19.7,-32.0,20.0,106.59888745640713,4.874186756976944,0.9707326172908852
AB2,TiCr2,1.8,29.7,-40.0,2.0,133.14873900060863,4.033414671357247,0.9204926777228204
AB2,TiMnCr,,24.0,0.0,18.0,111.89482145706435,3.776500668886852,
AB2,Ti1Mn0.85V0.15Cr1Fe0.3,1.6,20.9,20.0,6.0,86.1915322163548,1.935564226223208,0.835665810495587
AB2,Ti1Mn1.3Fe0.11,1.7,32.7,24.0,6.0,124.9424047171196,1.8361529173385125,0.892929565715698
AB2,Ti1Mn1.4Ni0.1,,28.0,0.0,2.0,108.27071547785094,1.726964243382416,
AB2,Ti1Mn1.5,1.9,27.9,0.0,1.8,107.02863218546308,1.617911523928795,1.0012488400643982
AB2,TiMn2,1.7,24.6,0.0,20.0,114.96740081388567,3.904014407319448,0.90211927166594
AB2,Zr0.79Ti0.21Mn1Fe1.02,1.5,33.0,30.0,1.5,112.22810286217714,0.1858949916304983,0.9705809419357214
AB2,Zr0.7Ti0.3Cr0.6Fe1.4,1.5,22.0,23.0,7.0,90.4652854267394,2.005846155187524,0.9447141648537586
AB2,Zr0.7Ti0.3Cr1Fe1,1.7,30.0,23.0,0.8,99.44476591788516,-0.1414126338611939,1.0640498258758684
AB2,Zr0.7Ti0.3Mn2Fe0.8,0.8,14.0,25.0,2.6,54.90050416580529,0.9555114450274368,0.4900713435133533
AB2,Zr0.7Ti0.3Mn1Fe1,1.7,10.0,23.0,2.0,39.52960816402248,0.7203908197109502,1.080874558297943
AB2,Zr0.8Ti0.2Cr0.6Fe1.4,1.6,27.0,23.0,3.0,100.30405244234308,1.172170114375824,1.0320324127844454
AB2,Zr0.8Ti0.2Mn1Fe1,1.4,30.0,30.0,1.6,102.86859534450215,0.2703944324478571,0.9077813697318006
AB2,Zr0.9Ti0.1Cr0.55Fe1.45,1.6,1.03,10.0,2.0,9.400583759388148,0.7151591437771643,1.0563804200542006
AB2,Zr1V0.5Co1.5,1.5,34.3,50.0,1.5,109.51375958602588,-0.665010631083228,1.032826436729514
AB2,ZrCrCo,1.6,40.2,50.0,0.7,121.43498104011694,-1.6112849939531335,1.0869859282918226
AB2,ZrVCo,1.8,49.4,50.0,0.0023,102.36294728310553,-7.616580894124432,1.2189572725729805
AB2,Zr1Cr1.2Fe0.8,1.4,50.2,70.0,0.75,143.89987467327455,-2.9433825294522347,0.9310688528284876
AB2,Zr1Cr1.2Ni0.8,2.0,56.4,70.0,0.25,152.8337377610644,-4.369989695279763,1.3536202893855955
AB2,ZrCr2,1.8,42.0,27.0,0.003,91.63189650730249,-5.922041393396471,1.1833006012995833
AB2,Zr1Cr2Co0.8,1.0,45.3,100.0,2.0,127.16183711572477,-2.979869325965892,0.6391261086217226
AB2,ZrMo2,1.0,22.0,-78.0,0.4,105.11560768201012,3.767939261089238,0.9456469456469456
AB2,ZrCrMo,1.3,27.6,25.0,0.2,79.18973089257744,-1.6094379124341007,1.0416771535249243
AB5,CaNi4B,1.2,55.7,27.0,0.01,147.28576257843872,-4.7548949729331405,0.5736749726881306
AB5,CaNi5,1.7,37.7,25.0,0.5,120.68348371787891,-0.6931471805599444,0.953757696986334
AB5,La0.5Ce0.5Cu2.5Ni2.5,1.1,22.9,23.0,2.2,83.88103941306876,0.8508452940200717,0.8185613148402267
AB5,La0.4Ce0.6Ni5,1.5,22.3,25.0,28.0,102.49904461148958,3.332204510175204,1.0905114112480865
AB5,La0.2Ce0.8Cu0.3Ni4.7,1.5,21.0,23.0,18.0,94.94102218259351,2.9475834001132752,1.0947865653452582
AB5,La0.2Ce0.8Ni5,1.5,23.8,23.0,30.0,108.64277588230286,3.4660372428415465,1.091121016638466
AB5,Ce0.2Pr0.8Co5,0.6,39.0,20.0,0.23,120.81857431975452,-1.2013321651397544,0.4345670201766152
AB5,Ce0.4Pr0.6Co5,0.6,38.5,20.0,1.0,131.33208255159477,0.2649034997279143,0.4344089986346651
AB5,Ce0.6Pr0.4Co5,0.6,38.5,20.0,1.26,133.253582146448,0.4960152206913026,0.434250977092715
AB5,La0.7Ce0.7Ni5,1.4,25.0,20.0,11.0,105.21705564884518,2.5699105323619533,1.075785891808232
AB5,Ce0.8Pr0.2Co5,0.6,37.0,20.0,1.42,129.13066515150214,0.6052394557672682,0.4340929555507649
AB5,CeCo5,0.6,39.0,20.0,1.45,136.1269325000889,0.6399073613516694,0.4339349340088148
AB5,Ce1Mn0.75Ni4.25,1.4,24.7,23.0,1.1,84.19610455649183,0.1626019685073058,1.0113028786107354
AB5,Ce1Al0.5Ni4.5,1.4,21.6,23.0,9.0,91.20408665068317,2.256070837902392,0.9806904752178648
AB5,Ce1Mn0.5Ni4.5,1.2,25.4,23.0,7.0,101.94595400685084,2.0151089924988663,0.8669617202059636
AB5,CeNi5,1.5,22.2,23.0,80.0,111.39487867658232,4.442507513589114,1.0917306220288456
AB5,Dy1Ga0.75Ni4.25,0.8,30.1,20.0,6.0,117.57478311180084,1.9988658417426064,0.6190252176139273
AB5,Dy1Al0.5Ni4.5,1.0,27.3,20.0,20.0,118.03338025307202,3.183572936997422,0.73504734731575
AB5,DyAlNi4,0.8,35.4,20.0,0.6,116.5102060317342,-0.2672520162239592,0.5657097235556409
AB5,Er1Al1.5Ni3.5,0.7,39.8,115.0,2.5,110.15586556747688,-2.806536239300719,0.4815633134487709
AB5,Er1Al0.5Ni4.5,0.8,25.4,0.0,25.0,119.7514454824302,4.156695589000013,0.5931980570756529
AB5,ErAlNi4,0.9,32.4,0.0,2.1,124.78473002740616,1.9382113745668057,0.6442118029527653
AB5,EuNi5,1.2,26.0,25.0,1.3,89.38576551239456,0.2623642644674905,0.8945259784075574
AB5,Gd1Al0.5Ni4.5,0.9,32.7,20.0,7.0,127.72559597472969,2.1709061085644787,0.6529916109569459
AB5,GdAlNi4,0.9,41.5,20.0,0.2,128.18462861724373,-1.323892581558554,0.6291821912089761
AB5,Ho1Al0.5Ni4.5,0.9,24.1,0.0,22.0,113.92932873866395,3.980863568144799,0.6645244541648647
AB5,HoAlNi4,0.9,35.9,60.0,4.0,119.28513933633263,-0.1351971580887964,0.6407150344168949
AB5,LaFeCuNi3,1.1,37.2,22.0,0.33,116.82001065830433,-0.9561280595922448,0.7988239968355615
AB5,La1Al0.75Ni4.25,1.13,44.1,40.0,0.054,116.55995156332943,-3.7709374100353297,0.7721262979397014
AB5,La1Co0.5Ni4.25Sn0.25,1.4,42.5,25.0,0.5,136.78276260434544,-0.6931471805599462,1.050579683861092
AB5,La1Ni4.4B0.6,0.62,33.5,25.0,0.3,102.34952923495604,-1.2039728043259357,0.4163689853946319
AB5,La1Zn0.6Ni4.4,1.4,34.8,20.0,0.3,108.70053640810626,-0.9645275630134316,1.0245328816392456
AB5,La1Al0.5Ni4.5,1.4,44.4,25.0,0.3,138.9083083729738,-1.203972804325937,0.9778485352809706
AB5,La1Mn0.3Al0.3Ni4.5,1.3,39.3,35.0,0.2,114.15416854965412,-2.123928269027658,0.9159572401867
AB5,La1Si0.5Ni4.5,1.0,36.5,25.0,0.5,116.65866399626226,-0.6931471805599444,0.6965630511463845
AB5,La1Mn0.2Al0.15Ni4.65,1.5,38.8,20.0,0.6,128.10836397135552,-0.2438579409233152,1.0748142267695997
AB5,La1Al0.4Ni4.6,1.38,36.4,48.0,0.64,109.63217283167,-1.4979296632048154,0.9710208903825168
AB5,La1Mn0.1Cu0.3Ni4.6,1.4,32.0,35.0,1.0,103.8455297744605,-0.4189234455723626,1.0176092951787998
AB5,La1Ga0.4Ni4.6,,35.0,20.0,0.3,109.38278099278986,-0.963151440936924,
AB5,La1Ni4.6Ge0.4,1.2,34.3,30.0,0.78,111.07956035693276,-0.4766812076374082,0.8795046711329607
AB5,La1In0.4Ni4.6,1.2,39.8,20.0,0.05,110.85967790827884,-2.721883980328771,0.9133858484351906
AB5,La1Mn0.4Ni4.6,1.49,39.4,25.0,0.15,116.37529032999409,-1.8971199848858813,1.0775582446978498
AB5,La1Si0.4Ni4.6,1.0,35.6,30.0,0.67,114.103979557958,-0.6373471467972733,0.7016750006680562
AB5,La1Ni4.6Sn0.4,1.26,38.5,20.0,0.08,110.33277301196148,-2.2608251445803407,0.9629226377354668
AB5,La1Al0.25Ni4.75,1.2,33.7,35.0,1.2,110.8781739560412,-0.2588571968244381,0.8523803592514941
AB5,La1Al0.3Ni4.7,1.44,34.0,25.0,0.42,106.82402112665068,-0.8675005677047233,1.0215167738771642
AB5,La1Mn0.3Ni4.7,1.4,36.2,20.0,0.9,122.61028574823212,0.1437175801902413,1.0124283099973703
AB5,La1Si0.3Ni4.7,1.1,33.8,25.0,1.0,113.36575549220191,0.0,0.7782517580956659
AB5,La1In0.15Ni4.85,,31.8,30.0,0.78,102.83281782023477,-0.4600471079042507,
AB5,La1Ni4.8Sn0.2,1.4,32.8,25.0,0.47,103.73436124324292,-0.7550225842780328,1.0432532069341145
AB5,La1In0.07Ni4.93,,35.2,30.0,1.37,118.73152146264556,0.0806026155971894,
AB5,La1Ni4.95Sn0.05,1.3,32.0,100.0,14.0,107.69794047981097,0.0444319828420398,0.948148164900318
AB5,La1Al0.1Ni4.9,1.4,33.0,35.0,1.5,110.46180395767584,-0.0265496951383352,1.0076282864266397
AB5,La1Mn0.1Ni4.9,1.4,29.0,35.0,1.5,97.4811127358683,0.0258157355582112,1.0141915861411614
AB5,La1Ni4.9Sn0.1,1.3,32.0,35.0,2.1,110.01411482657836,0.3230138991570149,0.9546833186584328
AB5,La1Al0.5Cu0.5Ni4,1.4,40.0,22.0,0.09,115.50426701936418,-2.243929947437502,0.9835447170103672
AB5,LaCrNi4,0.54,34.0,25.0,0.04,87.27431336992765,-3.218875824868201,0.3821306214271351
AB5,LaCuNi4,1.0,33.9,60.0,4.0,113.28183752033384,-0.0504343993585076,0.7302273228314895
AB5,LaFeNi4,0.8,34.5,40.0,0.11,91.81921005817172,-2.873935528332639,0.5727354150665642
AB5,La1Fe0.5Cu0.5Ni4,1.3,36.1,22.0,0.48,116.20835305720983,-0.5859450408342316,0.9437953665508758
AB5,La0.8Ce0.2Co0.5Ni4.25Sn0.25,1.2,38.2,25.0,0.8,126.26817683934529,-0.2231435513142098,0.8991602072087271
AB5,La0.8Ce0.2Ni4.8Sn0.25,1.2,32.4,25.0,1.1,109.46255647286092,0.0953101798043243,0.8973351130528165
AB5,La0.13Ce0.35Pr0.52Co5,0.8,40.0,50.0,3.6,134.43141326695616,0.0325656364925106,0.5800854776039
AB5,La0.1Ce0.9Co5,0.6,41.0,20.0,0.84,138.41053807722963,0.1077516385394955,0.4338141168439207
AB5,La0.2Ce0.8Co5,0.6,44.0,20.0,0.72,147.36257358544185,-0.0257572101401325,0.4336932996790266
AB5,La0.2Pr0.8Co5,0.7,38.0,20.0,0.23,117.40735139633644,-1.2082127755222989,0.5072232350993994
AB5,La0.4Ce0.6Co5,0.6,38.0,20.0,0.65,126.0448734310094,-0.1693197215558136,0.4334516653492383
AB5,La0.4Pr0.6Co5,0.9,29.0,20.0,17.0,122.4812510025284,3.032751045149971,0.6528589943419346
AB5,La0.65Ce0.28Pr0.07Co5,1.0,47.0,50.0,1.1,146.2357165777929,-1.3715224657348997,0.7249254215434772
AB5,La0.66Ce0.2Pr0.14Co5,1.0,41.0,50.0,0.9,126.00007966798456,-1.3849379298516185,0.7249977556651169
AB5,La0.6Pr0.4Co5,0.9,43.0,20.0,0.17,131.95025478201646,-1.476090595482518,0.6522576957498439
AB5,La0.75Ce0.25Al0.2Cu0.8Ni4,1.4,33.5,22.0,0.7,110.53615715595468,-0.2193118276716968,1.0100077243914805
AB5,La0.75Ce0.25Al0.1Cu0.9Ni4,1.4,32.9,22.0,1.0,111.46874470608168,0.1349028813488191,1.0185918985237774
AB5,La0.75Ce0.25Ti0.1Cu0.9Ni4,1.4,38.4,22.0,1.1,130.89576127533743,0.2527652145701198,1.0234951414713394
AB5,La0.75Pr0.25Al0.2Cu0.3Ni4.5,1.4,34.2,22.0,0.8,114.01803380500472,-0.082910160975923,1.004776178348734
AB5,La0.7Ce0.3Co5,0.7,42.0,20.0,0.17,128.53903185859843,-1.482971205865059,0.5057795820745216
AB5,La0.8Ce0.2Co5,0.8,34.0,20.0,0.18,101.7244726121072,-1.480857675085456,0.5784550891257041
AB5,La0.8Pr0.2Co5,0.9,38.0,20.0,0.11,111.2748365049152,-1.945811718653079,0.6516563971577533
AB5,LaCo5,1.0,42.3,30.0,0.06,116.14373968948333,-3.094859684245045,0.7241252555315056
AB5,LaCu5,0.8,42.7,101.0,5.0,127.50647349974084,-1.8895510972448093,0.6088862620541048
AB5,LaCu3Ni2,0.9,32.0,35.0,1.1,104.63795376367224,-0.3236132657680383,0.6711148401085965
AB5,LaFe(CuNi)2,1.1,36.9,22.0,0.55,120.05066379302107,-0.4465325532853645,0.8077479874519182
AB5,La1Al0.98Ni3.92,1.1,42.0,250.0,5.0,93.66402435805068,-5.6776236656686025,0.7395176243405738
AB5,La1Cr0.5Cu1.5Ni3,1.1,35.5,22.0,0.62,116.3033591780973,-0.3324719016152477,0.802366026289181
AB5,LaCu2Ni3,1.1,33.0,35.0,1.8,111.97765436998831,0.1557718616556201,0.8129862298109897
AB5,LaNi5,1.8,30.1,-40.0,0.1,109.95737826905172,1.0826691653560814,1.3104102111822329
AB5,La1Mn0.05Al0.05Ni5.2,0.8,26.8,20.0,1.3,93.60211255830438,0.4467646227196493,0.5691883381234812
AB5,La1Mn0.1Al0.05Ni5.5,1.0,26.0,20.0,1.6,92.59948091299528,0.6488994991918613,0.7060732209160466
AB5,La1Mn0.33Ni6.37,0.8,23.2,20.0,2.0,84.90330769287574,0.8527773414349481,0.5516321697575657
AB5,LaCo4Ni,1.0,45.0,40.0,0.15,127.92814451202764,-2.766677308985338,0.7237247641761532
AB5,NdCo5,0.62,42.7,22.0,0.7,141.70674838075564,-0.1815882255923908,0.4527457546643688
AB5,Nd1Ni4.6Sn0.4,1.0,26.4,20.0,1.4,92.85376885259078,0.5181203507203541,0.7711300171022393
AB5,Nd1Ni4.8Sn0.2,1.1,25.7,20.0,6.5,103.23089004714971,2.0486338637329515,0.8270264443267475
AB5,Nd1Ni4.9Sn0.1,1.2,27.9,20.0,10.0,114.31717813754574,2.4945541226670023,0.8910711474198316
AB5,NdNi5,1.33,27.8,30.0,18.0,115.73478737234002,2.7054005688634635,0.9755290502573112
AB5,PrCo5,0.8,40.0,20.0,0.49,130.5180125462764,-0.4381254725757367,0.5808020046616316
AB5,Pr1Cu2.5Ni2.5,0.8,19.3,23.0,25.0,91.93192293748996,3.2714560484296418,0.5953796376301417
AB5,Pr1Fe0.5Ni4.5,1.26,20.5,23.0,6.0,84.11865132053069,1.8476089294876143,0.9134900791641346
AB5,PrNi5,1.4,29.0,20.0,10.0,118.0695233533056,2.502122794087802,1.0197737068965516
AB5,SmCo5,0.64,34.9,20.0,3.2,128.72230080099297,1.4032841121564403,0.4739603036150942
AB5,Tb1Al0.5Ni4.5,1.1,26.9,20.0,10.0,110.90595521412772,2.487673512284461,0.8027958021537175
AB5,TbAlNi4,0.9,33.7,20.0,0.9,114.082228439687,0.1265160542338814,0.6316979130628033
AB5,YCo5,0.73,32.2,31.0,28.0,133.573292847688,3.075953160262503,0.4663798244546299
AB5,Y1Al0.75Ni4.25,1.1,24.3,21.0,6.0,97.50788591650972,1.9250638042612385,0.6594494621808813
AB5,Y1Al0.5Ni4.5,1.1,22.4,20.0,20.0,101.3183879283236,3.14985794612296,0.6740290872046213
AB5,YAlNi4,1.0,40.8,60.0,3.0,131.60139429371606,-0.6305479894297874,0.5856531395302229
Mg,MgNi,2.0,40.0,25.0,0.004,88.25435340382856,-5.521460917862246,0.8402008422416587
Mg,CeMg2,3.1,101.0,216.0,0.1,187.33657108952008,-18.212195462368893,1.996585281286004
Mg,Mg1.7Al0.3Ni1,2.7,76.2,312.0,4.5,142.72815836363262,-13.572977610726928,0.992019908787256
Mg,Mg1.92Al0.08Ni1,3.5,70.5,295.0,4.0,135.61282060829086,-12.129349226624909,1.2895500274419498
Mg,Mg1.9Ti0.1Ni1,2.9,62.5,300.0,2.5,116.66468426153077,-11.18108793757762,1.0830378598401251
Mg,CeMg12,3.8,65.0,341.0,9.0,124.10541065034344,-11.294667037747418,1.3015568400183786
Mg,Mg14(TiAl4)3,3.8,73.0,337.0,4.2,131.57423173051248,-13.623623026834853,1.0913722409981033
Mg,Mg2.23Ni1,3.9,67.3,323.0,4.9,126.10420509374272,-11.982101973303248,1.4071723560446692
Mg,Mg2.42Ni1,3.9,63.1,301.0,3.2,119.57221443389652,-11.07342577817491,1.3833591631698043
Mg,Mg2Al3,2.6,63.2,335.0,11.0,123.85821239978308,-10.59826090312038,0.6861779299077605
Mg,Mg2Co,4.5,76.0,450.0,16.0,128.14750507687023,-15.24600912237186,1.6757540981052104
Mg,Mg0.9Sc0.1,6.2,79.5,375.0,8.0,139.94560001789583,-15.238908293575612,1.7291789927911465
Mg,La0.125Mg0.708Al0.167,4.2,67.0,300.0,4.5,129.40298386631488,-11.464312536876028,1.6995929321590122
Mg,Nd0.05Mg0.7Ni0.25,3.4,69.0,300.0,3.0,129.52137040619948,-12.25689376240665,1.358248196621644
Mg,La0.1Mg0.8Al0.1,4.8,76.0,302.0,5.5,146.31298857854267,-13.061123855963984,1.8023559853941575
Mg,Nd0.05Mg0.8Ni0.15,4.9,76.0,300.0,1.6,136.50822577475336,-14.24040883280762,1.812571343030728
Mg,La0.1Mg0.85Al0.05,6.2,77.0,300.0,4.5,146.8504234545553,-13.399893123988312,2.3540145611864154
Mg,La0.075Mg0.9Al0.025,5.1,68.0,308.0,5.0,130.39050066210325,-11.748947415628304,1.7576086612317476
Mg,Mg1.5Ni1,2.6,29.1,300.0,3.7,61.64973628926955,-4.324206688846568,1.0079215964277568
Mg,Mg1.75Ni1,2.8,26.6,300.0,4.5,58.91532792982357,-3.6445669649424,1.0519510953152929
Mg,Mg2Cu,2.6,72.9,295.0,6.0,143.20815854330155,-12.18399113426976,0.9900454135567074
Mg,Mg2Al0.125Cu1,2.8,63.0,330.0,11.0,124.38811151141692,-10.453844324297442,1.0565038164151803
Mg,Mg2Al0.25Cu1,3.0,72.0,330.0,3.0,128.50732747365242,-13.58909010801282,1.1225159987349422
Mg,Mg2Al0.375Cu1,3.2,76.0,330.0,3.0,135.13917693066975,-14.405073574495098,1.188159390684138
Mg,Mg2Fe,5.5,77.2,450.0,25.0,133.51741376985478,-15.084226196237305,2.0103807984098987
Mg,Mg2Fe0.37Ni0.63,3.7,82.0,320.0,1.7,142.65669098058922,-15.921352558113728,1.3499587941672575
Mg,Mg2Al0.25Ni0.75,3.5,90.0,327.0,2.0,155.72544524223397,-17.576766799746526,1.1918949655776243
Mg,Mg2V0.25Ni0.75,2.9,62.4,250.0,1.0,119.277453885119,-10.826491487466871,1.040627034871049
Mg,Mg2Zn0.25Ni0.75,3.3,61.5,246.0,1.0,118.46287200231149,-10.561397578581447,1.2298769102608298
Mg,Mg2Al0.15Ni0.85,3.4,84.0,327.0,3.0,149.0990459951536,-15.9533074262846,1.193552034674981
Mg,Mg2Mn0.25Ni0.75,3.2,58.0,250.0,1.0,110.86686418809136,-10.06308503642754,1.162759207333071
Mg,Mg2Zr0.3Ni0.7,3.5,59.8,340.0,10.0,116.67321131005444,-10.09085482775122,1.40403209556707
MIC,CeCo3,1.0,38.1,79.0,0.3,98.18251026480957,-3.560855150414929,0.7939403584455667
MIC,CeAlPt,0.3,24.0,22.0,1.2,82.83043621614104,0.2807309535225775,0.3603882466844978
MIC,Dy2Co7,1.1,35.8,50.0,2.0,116.54740128811338,-0.424142366467805,0.9042206795696222
MIC,DyCo3,1.4,42.7,50.0,0.3,122.12675725895436,-2.536605867400935,1.1948514797441965
MIC,DyFe3,1.0,47.1,150.0,0.4,103.68985995688968,-6.529140724463328,0.8268072590989257
MIC,Er2Co7,1.3,29.6,50.0,8.0,108.8871365581356,1.1556490670423654,1.0846085916964632
MIC,Er6Fe23,0.8,50.4,0.0,2.0,148.0,-2.530914829497336,0.6312097767360558
MIC,ErCo3,1.3,39.8,50.0,0.2,109.7814952746614,-2.8515642803588066,1.1239269242714818
MIC,ErFe3,0.8,42.9,150.0,1.15,102.54449149031858,-4.9725791336774,0.6696308563748079
MIC,ErNi3,1.5,23.8,-40.0,1.2,103.59605628835796,2.859034226187078,1.2967548948513417
MIC,Gd2Co7,0.9,40.0,100.0,6.0,122.0924709060105,-1.4515222142384705,0.727812580085852
MIC,Gd3(AlNi3)2,1.0,33.6,300.0,5.6,72.94675242999641,-4.78078417495617,0.7997302363461454
MIC,GdCo3,1.4,45.0,150.0,3.0,115.4793048829308,-4.263983245652756,1.1763634810964614
MIC,GdFe3,1.0,50.4,150.0,0.18,104.8495929677547,-7.720905426531298,0.8136549021965688
MIC,Ho2Co7,1.1,36.7,50.0,5.0,126.9506724493058,0.4640600807045353,0.9101798637526014
MIC,Ho6Fe23,0.8,51.7,0.0,0.3,138.0,-4.258115543975452,0.6273551631442342
MIC,HoCo3,1.2,36.0,100.0,6.0,111.37292112710124,-1.127194045891816,1.0294061626421824
MIC,HoFe3,1.0,44.6,150.0,0.63,101.55854009299443,-5.7769634780567936,0.8328957231040565
MIC,Ca0.5La0.5Ni3,1.6,43.5,20.0,0.6,144.14111171142036,-0.2115190721253602,1.0709927692282877
MIC,Ca1.5La0.5Mg1Ni9,1.9,35.4,20.0,0.7,117.7918392937761,-0.1131013363967005,1.0921961181934263
MIC,Ca1La1Mg1Al0.3Ni6,1.9,30.0,20.0,0.4,94.71850086751328,-0.7098724203978577,1.1643094651793362
MIC,CaLaMg(AlNi2)3,1.8,30.0,20.0,0.4,94.71850086751328,-0.7098724203978577,0.964372826653574
MIC,Ca1La1Mg1Mn0.3Ni6,1.8,32.3,20.0,1.0,110.18250042640284,0.2222437153561474,1.1183059344311277
MIC,CaLaMg(MnNi2)3,1.8,32.3,20.0,1.3,112.36383863710364,0.484607979823638,1.0914663420739987
MIC,CaLaMgNi9,1.8,33.0,20.0,2.5,120.1885433078236,1.1433508744980816,1.1085386207690815
MIC,La(MgCu)2,2.4,64.2,170.0,0.4,137.25375268883516,-9.390499077255424,1.534970091725215
MIC,Lu6Fe23,0.6,39.7,0.0,2.0,151.10432338559397,2.158952087490376,0.4820047130071068
MIC,LuCo3,1.0,32.0,20.0,5.9,123.91636961228092,1.9951318831530584,0.8812494613796696
MIC,Mg51Zn20,3.6,80.9,330.0,8.0,151.4179628769067,-14.423824067924151,1.3294158102139817
MIC,Mg6Pd,0.9,80.3,160.0,0.014,149.89549142498555,-14.36489586978804,0.3246694742478222
MIC,Nd2Co7,1.2,56.7,125.0,0.9,141.532655880313,-5.85027011945202,0.938532716674164
MIC,NdCo3,1.3,54.5,20.0,0.29,175.61976510846344,-0.8628810901530082,1.0487379095402936
MIC,Pr2Co7,1.1,54.6,150.0,2.0,134.79519393409322,-5.81346873441604,0.8512758860472249
MIC,PrCo3,1.3,54.2,100.0,0.02,112.72471822543338,-8.306669686525282,1.0378456780909762
MIC,SmCo3,0.6,59.4,69.0,0.2,160.22694393283453,-4.690989465944655,0.4897833204584651
MIC,Tb2Co7,1.1,40.4,50.0,2.0,130.78227673295325,-0.5677047104993005,0.8954555796076061
MIC,TbCo3,1.4,46.9,75.0,0.6,130.46496394672792,-3.2280362739982413,1.18226326557922
MIC,TbFe3,1.1,48.0,150.0,0.23,101.21583245108027,-7.189777873334532,0.9005468511764328
MIC,ThAlNi,0.9,47.0,40.0,0.007,108.8342479963457,-5.870049446208477,0.9541618573110372
MIC,Ti3Al,2.9,47.0,50.0,0.8,143.58804162313015,-1.6899761968534357,1.2635511222782108
MIC,Y2Co7,1.3,38.0,20.0,0.25,118.10059935073154,-1.1248311665832489,0.8570938118155064
MIC,Y4.3Sc0.7Si2.6Ge0.4,0.5,39.4,426.0,1.5,59.72524569586402,-8.710803080690287,0.3214501284946558
MIC,Y5Si3,0.4,53.3,398.0,0.3,69.40590655813183,-13.153846277217024,0.263347910491171
MIC,YCo3,1.5,44.0,75.0,0.45,119.74338652801497,-3.347703188972975,1.0035405902525982
MIC,Zr2Ni5,0.5,35.0,60.0,0.8,103.202530814528,-1.7064918290942663,0.3389360350505361
MIC,Zr3V3O,1.2,152.0,700.0,0.1,137.0497450532133,-44.83445084682977,0.7616842587237325
MIC,Zr7Ni10,1.4,47.0,60.0,0.25,129.55172093681765,-3.3782191912816786,1.0154433308144082
MIC,Ca1.03La0.65Mg1.32Ni9,,26.8,10.0,2.0,100.41241494427248,1.2658856409691313,
MIC,Ca1.5Y0.5Mg1Ni9,2.0,25.8,-10.0,2.0,103.80587715781576,2.0774504243974725,1.108674017722168
MIC,CaNi3,2.0,35.0,20.0,0.4,111.7746154846035,-0.6754693684851413,1.0940951976028508
MIC,CaMgTiNi9,1.9,33.4,20.0,1.1,114.72726963137444,0.3251225665812684,1.0255470170002534
MIC,Ce2Co7,0.9,43.3,100.0,0.9,115.16314227719188,-3.6162129380103374,0.6935078053673538
SS,Co0.05Pd0.95,0.6,38.2,81.0,0.6,103.61681402035786,-2.9475757902198407,0.6230577497724442
SS,Cr0.05Pd0.95,0.6,29.6,30.0,0.26,86.44164714059995,-1.5440213888071836,0.6209806757209927
SS,Ni0.025Pd0.95Rh0.025,0.7,32.6,50.0,0.32,91.40850556947296,-2.1568543734985504,0.7352787044030434
SS,Ni0.05Pd0.95,,31.6,50.0,1.4,100.58488890412384,-0.6497386484647356,
SS,Pd0.95Pt0.05,0.6,33.0,30.0,0.17,94.1246705594542,-1.99152695840954,0.66382341669062
SS,Pd0.95Rh0.05,0.7,34.2,30.0,0.13,95.8527175385472,-2.2677753128761347,0.7430085249524447
SS,Sb0.05Pd0.95,0.5,34.6,100.0,0.07,70.61459481816034,-5.46469869313132,0.5343533141899977
SS,Sc0.05Pd0.95,0.5,37.4,50.0,0.04,88.97348103361803,-4.386100100254733,0.5152089594799394
SS,Pd0.96Pt0.04,0.5,37.4,80.0,0.4,98.28581996095096,-3.266042265501641,0.5482100981095955
SS,Pd0.972Ir0.028,0.5,30.7,25.0,0.1,83.82424597050999,-2.302585092994045,0.5425057629416926
SS,Mo0.025Pd0.975,0.5,30.8,30.0,0.16,86.36349438206324,-2.037513572460797,0.5292234984446039
SS,Pd0.975Rh0.025,0.7,36.0,30.0,0.056,94.78833079359528,-3.12193462440444,0.7436229824046099
SS,V0.02Pd0.98,0.5,30.8,25.0,0.1,84.15964761397805,-2.302585092994045,0.5249981554598389
SS,Co0.1Pd0.9,0.5,29.8,80.0,4.0,95.90927822365089,-0.4859675560485342,0.5068563028435831
SS,Ni0.05Pd0.9Rh0.05,0.6,28.4,30.0,0.7,90.71754302166664,-0.5456383169073895,0.6219336555044553
SS,Pd0.9Rh0.1,0.6,29.2,30.0,0.58,91.79300448038974,-0.7390134603249399,0.6351714453386988
SS,Ti0.23Mn0.36V0.41,2.8,34.0,40.0,4.0,120.10003747442484,0.7292954940225238,1.476712425697302
SS,Ti0.3034Mn0.26V0.4366,,52.7,25.0,0.03,147.60258620663993,-3.5065578973199822,
SS,Ti0.296Mn0.1V0.504Fe0.1,,44.7,25.0,0.03,120.7704547291957,-3.5065578973199822,
SS,Ti0.138Mn0.08V0.782,,50.6,25.0,0.06,146.32208756338792,-2.813410716760036,
SS,Ti0.1045V0.8455Fe0.05,3.3,42.9,40.0,4.5,149.50018892048965,0.6750994144681263,1.722064088891762
SS,Ti0.172Mn0.14V0.688,,48.6,25.0,0.04,136.2429533162634,-3.218875824868201,
SS,Ti0.176Mn0.08V0.704Fe0.04,,48.5,25.0,0.08,141.67048754237243,-2.525728644308255,
SS,Ti0.095V0.855Fe0.05,3.7,43.2,80.0,9.3,140.86831711837627,-0.4841371039238774,1.939932366097183
SS,Nb0.95Cr0.05,0.9,47.2,77.0,0.26,123.5995872039394,-4.174804512757289,0.8186253603863342
SS,Nb0.97Cr0.03,0.9,47.2,77.0,0.45,128.16045174876555,-3.626238561008453,0.8259971133054634
SS,Cu0.2Ni0.8,,5.1,25.0,3800.0,85.63707067339983,8.242756345714477,
SS,Pd0.75Rh0.25,0.8,25.4,0.0,5.0,106.37032277782502,2.5472576765659123,0.8443850406426011
SS,Ag0.3Pd0.7,0.3,46.0,50.0,0.002,90.67951459542884,-7.650231538737178,0.3189761546544394
SS,Ni0.1Pd0.825Rh0.075,0.7,21.4,30.0,6.3,85.89473841359334,1.6981617396816675,0.7090169554940136
SS,Pd0.85Rh0.15,0.7,31.0,50.0,2.7,104.18873551349932,0.0257664110588804,0.7405506951437841
SS,Pd0.88Pt0.06Rh0.06,0.5,24.8,0.0,0.3,80.78258346905798,-0.2883062629688917,0.5559990926856504
SS,Pd0.8Rh0.2,0.8,28.4,30.0,4.8,106.72471736835598,1.3796525449451873,0.8457909306195598
SS,Pd0.9Pt0.1,0.3,30.7,80.0,3.0,96.06593587398648,-0.8301944515020464,0.3441467258919616
SS,Co0.09Pd0.91,,27.2,20.0,4.0,104.31113525612504,1.5734469635250663,
SS,Ni0.09Pd0.91,,29.4,50.0,6.8,106.91702070974478,0.9993719785894402,
SS,Pd0.925Rh0.075,0.7,32.4,30.0,0.3,96.86776194876444,-1.419550736867644,0.7423940675002797
SS,Pd0.927Ir0.073,0.1,17.0,25.0,0.6,52.77119393230439,-0.5108256237659909,0.111900770810493
SS,Pd0.92Pt0.08,0.4,30.7,80.0,1.8,91.81885041672184,-1.3410200752680372,0.4522579205711736
SS,Pd0.942Ir0.058,0.4,25.9,25.0,0.35,78.14063759342592,-1.0498221244986785,0.4438238111174857
SS,Ti0.048Pd0.952,0.4,27.2,100.0,2.3,79.81787737721615,-1.3725224218221326,0.4127998342576656
SS,Bi0.05Pd0.95,0.4,37.8,100.0,0.16,86.06337174063657,-4.897482654624173,0.4444285873653344
SS,V0.855Cr0.145,2.3,29.7,50.0,50.0,124.43296404221005,2.9851096102682533,1.1932905141671133
SS,Ti0.2V0.8,3.4,60.0,110.0,1.8,161.48358496246277,-4.781890882573819,1.7572714351441063
SS,Zr0.975Nb0.025,2.2,219.0,800.0,0.2,190.69100141597443,-65.41113752804844,2.0367259358668486
,V75Ti17.5Zr7.5,3.2,52.98,,,145.1,-3.851405525,1.7520874327692513
,LaNi4.7Sn0.3,1.5,36.51,,,112.6,-1.137689446,1.1340178319635807
,V75Ti10Zr7.5Cr7.5,3.2,42.23,,,132.3,-1.068273019,1.7622436212777124
,LaNi4.8Sn0.2,1.3,32.83,,,104.3,-0.656233272,0.967753626174662
,LaNi4.8Al0.2,1.3,30.4,,,101.6,-0.00385447,0.9278007065328102
,V0.85Ti0.1Fe0.05,3.4,42.9,,,148.0,0.550692966,1.7765676349042034
,TiFe0.9Mn0.1,,29.7,,,107.7,1.01132614,
,La0.85Ce0.15Ni5,,24.3,,,92.28,1.328028186,
,V92.5Zr7.5,3.0,40.32,,,147.0,1.467862953,1.6557034701767306
,La0.2Y0.8Ni4.6Mn0.4,1.3,27.1,,,105.0,1.732063987,0.8512310526259362
,Zr0.7Ti0.3Mn2,1.4,21.0,,,85.0,1.779366417,0.8831651923221395
,Ti0.9Zr0.1Mn1.4Cr0.35V0.2Fe0.05,,25.89,,,106.9,2.447149733,
,La0.4Ce0.4Ca0.2Ni5,,28.2,,,115.3,2.528614944,
,Ti0.8Zr0.2CrMn,,24.6,,,108.6,3.170348631,
,Zr0.8Ti0.2FeNi0.8V0.2,2.5,26.8,,,118.3,3.452408926,1.6580231651064985
,Ti0.77Zr0.3Cr0.85Fe0.7Mn0.25Ni0.2Cu0.03,,19.26,,,93.66,3.520657898,
,TiCr1.9Mo0.01,2.2,24.8,,,113.0,3.619154034,1.1320680523806512
,TiCr1.9,2.5,26.19,,,122.0,4.14272974,1.286433465959328
,ZrFe1.8Cr0.2,1.8,22.3,,,109.0,4.143317917,1.225294709533508
,(Ti0.97Zr0.03)1.1Cr1.6Mn0.4,1.55,23.4,,,115.0,4.422668969,0.8023846757680557
,TiCr1.5Mn0.25Fe0.25,,19.32,,,101.6,4.451546813,
,TiCr1.5Mn0.2Fe0.3,,18.32,,,101.0,4.781491413,
,TiCrMn,2.1,19.6,,,106.0,4.868183253,1.0980673660764952
,ZrFe1.8Ni0.2,1.7,21.5,,,119.7,5.751993347,1.1637058028817948
,Ti0.86Mo0.14Cr1.9,2.4,17.2,,,117.0,7.156321644,1.2903258667797246
SS,NbTiVZrHf,2.2,61.8,315.0,0.17,88.0,-14.35,2.0594822929853605
SS,VTiZrNb,1.5,67.6,311.0,0.05,90.3,-16.41,1.0686294416243654
SS,NbTiV0.5ZrHf,1.8,59.1,326.0,0.25,87.4,-13.33,1.7617032376426474
SS,VTiAlCr,1.1,42.7,311.0,5.3,88.4,-6.59,0.490426317618807
SS,VTiAlTaNb,1.25,56.1,301.0,0.8,92.1,-11.55,1.0037278948161543
SS,TiVCrNb,3.0,47.1,100.0,0.2,122.0,-4.33,1.8694079835542463
SS,TiVNb,3.1,67.0,220.0,,157.0,-8.14,2.0282054810228183
SS,Al0.1Ti0.3V0.3Nb0.3,2.6,48.6,62.5,,154.0,-1.08,1.5945618464603502
SS,Ti23.333V23.333Nb23.333Cr30,3.1,49.0,50.0,,154.0,-1.24,1.9148158943774312
SS,Ti21.667V21.667Nb21.667Cr35,2.8,39.0,50.0,,134.0,0.38,1.7071587985994852
SS,Ti0.65Zr0.35MnCr0.8Fe0.2,1.8,23.0,50.0,,93.0,1.91,1.0349740265250704
SS,Ti0.683Zr0.368MnCr0.8Fe0.2,2.05,26.0,50.0,,98.0,1.3,1.1838995306638658
SS,Ti0.699Zr0.376MnCr0.8Fe0.2,2.1,25.0,50.0,,92.0,0.98,1.2142747148104782
SS,Ti0.715Zr0.385MnCr0.8Fe0.2,2.2,28.0,50.0,,100.0,0.73,1.2745524228888074
SS,Ti1.125Zr0.125Cr0.85Mn1.1Mo0.05,1.5,23.0,58.0,,109.0,3.83,0.8119917326751083
AB2(C14),(Sc)(Fe)2,2.023679685141638,35.2,,,106.7,-1.366468397,1.07
AB2(C14),(Sc0.5Ti0.5)(Fe)2,1.9319017847555804,17.7,,,103.8,5.344204713,1.03
AB2(C14),(Ti)(Al0.02Cr0.98)2,2.099682788930931,22.8,,,112.0,4.273114423,1.07
AB2(C14),(Ti)(Al0.03Cr0.97)1.8,1.9745356813564623,24.0,,,116.0,4.270129278,1.0
AB2(C14),(Ti)(Al0.11Cr0.89)1.8,2.104901456523118,33.4,,,90.8,-2.552694529,1.04
AB2(C14),(Ti)(Al0.11Cr0.89)1.9,2.203118671865798,28.1,,,128.5,4.119611396,1.09
AB2(C14),(Ti)(Cr)1.9,2.3548235831257207,22.58,,,97.8,2.653983735,1.21
AB2(C14),(Ti)(Cr)1.9,2.5255521910656977,26.5,,,122.0,3.983272954,1.3
AB2(C14),(Ti)(Cr0.46Mn0.54)1.72,1.920230396961941,21.56,,,102.98,3.688464445,1.0
AB2(C14),(Ti)(Cr0.48Mn0.15Fe0.38)1.96,1.8315666708853464,18.7,,,116.4,6.456247968,0.96
AB2(C14),(Ti)(Cr0.52Mn0.15Fe0.32)1.96,1.836981042567428,19.8,,,117.1,6.096701341,0.96
AB2(C14),(Ti)(Cr0.52Mn0.15Fe0.34)1.96,1.8350844419547792,19.3,,,115.5,6.105963359,0.96
AB2(C14),(Ti)(Cr0.53Mn0.47)1.96,1.9942131665612377,22.0,,,113.3,4.752187881,1.04
AB2(C14),(Ti)(Cr0.55Mn0.15Fe0.3)1.96,1.6125630508829487,16.47,,,103.75,5.834370607,0.84
AB2(C14),(Ti)(Cr0.55Mn0.15Fe0.3)1.96,1.8010772823246552,20.2,,,117.6,5.995478695,0.94
AB2(C14),(Ti)(Cr0.5Fe0.5)2,1.8488925326130237,17.2,,,119.0,7.374055083,0.97
AB2(C14),(Ti)(Cr0.5Mn0.12Fe0.38)1.96,1.8523721631790535,19.0,,,117.9,6.51563824,0.97
AB2(C14),(Ti)(Cr0.5Mn0.15Fe0.35)1.96,1.8530046765338264,19.9,,,119.8,6.381098953,0.97
AB2(C14),(Ti)(Cr0.5Mn0.5)1.67,2.0186482754533888,25.52,,,111.29,3.090477928,1.05
AB2(C14),(Ti)(Cr0.5Mn0.5)1.82,1.6180079597432675,22.9,,,114.7,4.557512036,0.84
AB2(C14),(Ti)(Cr0.5Mn0.5)1.9,2.0122636740491724,22.8,,,114.9,4.62190646,1.05
AB2(C14),(Ti)(Cr0.5Mn0.5)2,1.671023425558657,19.6,,,106.5,4.902485911,0.87
AB2(C14),(Ti)(Cr0.62Mn0.38)2,1.924542518398288,19.9,,,106.1,4.733357262,1.0
AB2(C14),(Ti)(Cr0.6Mn0.1Fe0.3)1.82,1.7131351586257189,14.98,,,91.25,4.932019687,0.89
AB2(C14),(Ti)(Cr0.6Mn0.1Fe0.3)1.9,1.6546203237985044,17.46,,,103.51,5.406141031,0.86
AB2(C14),(Ti)(Cr0.6Mn0.1Fe0.3)1.96,1.615560106291753,16.67,,,101.51,5.484279225,0.84
AB2(C14),(Ti)(Cr0.6Mn0.1Fe0.3)2,1.3873024956172717,13.7,,,94.14,5.795958444,0.72
AB2(C14),(Ti)(Cr0.6Mn0.4)1.54,1.8969624858069392,25.1,,,108.37,2.908707592,0.98
AB2(C14),(Ti)(Cr0.6Mn0.4)1.67,1.9311563926675448,25.94,,,117.99,3.726880643,1.0
AB2(C14),(Ti)(Cr0.6Mn0.4)1.82,1.813715388021139,25.1,,,114.64,3.66282003,0.94
AB2(C14),(Ti)(Cr0.75Mn0.25)2,2.9289337065571344,21.4,,,108.6,4.42894304,1.53
AB2(C14),(Ti)(Cr0.85Ni0.15)2,1.908417805565364,21.7,,,106.7,4.079404716,0.99
AB2(C14),(Ti)(Cr0.89Mn0.11)1.8,1.9099650269247177,28.0,,,129.0,4.220087755,0.98
AB2(C14),(Ti)(Cr0.95Mn0.05)1.67,1.782444396799599,20.08,,,100.42,3.97759432,0.91
AB2(C14),(Ti)(Cr0.99Mo0.01)1.91,1.9430717668928372,24.8,,,113.0,3.586591522,1.0
AB2(C14),(Ti)(Fe)2,,14.0,,,134.5,10.52916201,
AB2(C14),(Ti)(Mn)1.5,1.598808176476601,23.6,,,94.0,1.785479925,0.84
AB2(C14),(Ti)(Mn)2,1.8808721272223872,24.6,,,114.1,3.799571552,1.0
AB2(C14),(Ti)(V0.02Cr0.5Mn0.42Fe0.05)2,1.823463728249183,20.6,,,107.0,4.55922446,0.95
AB2(C14),(Ti)(V0.05Cr0.5Mn0.35Fe0.1)2,1.8621001321860904,20.6,,,107.0,4.55922446,0.97
AB2(C14),(Ti)(V0.05Cr0.5Mn0.35Fe0.1)2,1.7866844505914563,19.6,,,101.2,4.265038395,0.93
AB2(C14),(Ti)(V0.08Cr0.5Mn0.28Fe0.15)2,1.6363414948067705,20.9,,,106.0,4.317931942,0.85
AB2(C14),(Ti)(V0.1Cr0.2Fe0.7)2,1.7034733583329968,14.0,,,114.0,8.063563129,0.9
AB2(C14),(Ti)(V0.1Cr0.5Mn0.2Fe0.2)2,1.921246591383563,22.0,,,109.0,4.235013481,1.0
AB2(C14),(Ti)(V0.26Cr0.07Mn0.67)2.92,1.1073874809741155,27.73,,,103.97,1.318569119,0.58
AB2(C14),(Ti)(V0.26Mn0.68Nb0.06)2.84,1.5252450575794936,23.68,,,104.48,3.013670342,0.83
AB2(C14),(Ti)(V0.27Mn0.67Mo0.06)2.92,1.1588064747580131,19.81,,,93.58,3.263843668,0.63
AB2(C14),(Ti)(V0.29Mn0.67Nb0.04)2.85,1.2495965406530911,25.71,,,109.73,2.826206245,0.67
AB2(C14),(Ti)(V0.32Mn0.68)3.11,1.575901322202623,25.4,,,100.28,1.814678679,0.83
AB2(C14),(Ti)(V0.34Mn0.66)3.02,1.6347511535254835,26.63,,,117.16,3.34870933,0.86
AB2(C14),(Ti)(V0.3Fe0.7)2,1.5772353780994517,21.5,,,121.0,5.87998988,0.83
AB2(C14),(Ti0.05Zr0.95)(Cr0.4Fe0.6)2,1.5808497981246468,32.55,,,101.67,-0.902437449,1.05
AB2(C14),(Ti0.15Zr0.85)(Cr0.4Fe0.6)2,1.464103484301983,30.12,,,98.74,-0.274580519,0.95
AB2(C14),(Ti0.1Zr0.9)(Cr0.35Fe0.65)2,1.535179921452101,32.05,,,106.27,-0.14748211,1.01
AB2(C14),(Ti0.1Zr0.9)(Cr0.3Fe0.7)2,1.442505814286985,29.79,,,104.18,0.512826576,0.95
AB2(C14),(Ti0.1Zr0.9)(Cr0.45Fe0.55)2,1.5711814900139731,34.73,,,105.02,-1.378930168,1.03
AB2(C14),(Ti0.1Zr0.9)(Cr0.4Fe0.6)2,1.5531485579298614,32.43,,,104.18,-0.552144166,1.02
AB2(C14),(Ti0.1Zr0.9)(Cr0.5Fe0.5)2,1.574238101634035,36.02,,,105.02,-1.899313599,1.03
AB2(C14),(Ti0.1Zr0.9)(Cr0.5Mn0.5)2,1.8226782426008563,37.7,,,92.91,-4.03352969,1.19
AB2(C14),(Ti0.1Zr0.9)(V0.15Fe0.85)1.92,1.681864000503894,28.5,,,103.9,0.999533534,1.12
AB2(C14),(Ti0.21Zr0.79)(Mn0.5Fe0.5)2.02,1.4534068011598098,33.0,,,111.4,0.086290868,0.94
AB2(C14),(Ti0.25Zr0.75)(Mn0.55Fe0.45)2,1.55785969885062,30.2,,,98.45,-0.341731563,1.0
AB2(C14),(Ti0.2Zr0.8)(Al0.08Fe0.92)2,1.5232357162355366,20.4,,,112.0,5.241269643,0.97
AB2(C14),(Ti0.2Zr0.8)(Al0.15Fe0.85)2,1.0798809086056291,16.8,,,118.0,7.41514117,0.67
AB2(C14),(Ti0.2Zr0.8)(Cr0.08Mn0.42Fe0.5)2,1.4219060647027413,31.51,,,97.91,-0.935130437,0.92
AB2(C14),(Ti0.2Zr0.8)(Cr0.12Mn0.38Fe0.5)2,1.4236186229098482,33.39,,,111.71,-0.033749689,0.92
AB2(C14),(Ti0.2Zr0.8)(Cr0.25Mn0.25Fe0.5)2,1.4138977625013394,30.71,,,103.93,0.111632129,0.91
AB2(C14),(Ti0.2Zr0.8)(Cr0.38Mn0.12Fe0.5)2,1.4809473214506332,32.76,,,103.85,-0.724955637,0.95
AB2(C14),(Ti0.2Zr0.8)(Cr0.3Fe0.7)2,1.6425508285474837,26.89,,,100.45,1.234062077,1.06
AB2(C14),(Ti0.2Zr0.8)(Cr0.4Fe0.6)2,1.403635738047342,30.67,,,102.09,-0.093534484,0.9
AB2(C14),(Ti0.2Zr0.8)(Cr0.56Mn0.44)2.25,1.7487091699546269,20.53,,,41.42,-3.300048639,1.1
AB2(C14),(Ti0.2Zr0.8)(Cr0.5Fe0.5)2,1.517174710399776,31.0,,,93.3,-1.283856518,0.97
AB2(C14),(Ti0.2Zr0.8)(Mn)2,1.850777543525824,47.2,,,115.9,-5.100731828,1.2
AB2(C14),(Ti0.2Zr0.8)(Mn0.5Fe0.5)2,1.3880845100407349,29.62,,,101.25,0.229004007,0.9
AB2(C14),(Ti0.36Zr0.64)(Al0.01V0.15Cr0.07Mn0.2Ni0.57Sn0.01)1.98,1.5449431886680425,25.77,,,80.0,-0.77371738,0.98
AB2(C14),(Ti0.36Zr0.64)(Al0.01V0.15Cr0.11Mn0.12Ni0.48Co0.12Sn0.01)1.98,1.4346247807241976,32.0,,,104.0,-0.400332183,0.91
AB2(C14),(Ti0.37Zr0.63)(Al0.01V0.15Cr0.05Mn0.06Ni0.6Co0.12Sn0.01)1.89,1.285349531988077,27.0,,,90.0,-0.067165768,0.82
AB2(C14),(Ti0.37Zr0.63)(Al0.01V0.15Cr0.06Mn0.06Ni0.6Co0.12Sn0.01)1.81,1.1440785629949646,28.0,,,87.0,-0.831383125,0.73
AB2(C14),(Ti0.37Zr0.63)(Al0.01V0.15Cr0.08Mn0.08Ni0.61Co0.07Sn0.01)1.8,1.2856836089290855,26.0,,,77.0,-1.227318271,0.82
AB2(C14),(Ti0.37Zr0.63)(Al0.01V0.15Cr0.08Mn0.08Ni0.61Co0.08Sn0.01)1.98,1.13807554482989,22.0,,,75.0,0.145727531,0.72
AB2(C14),(Ti0.37Zr0.63)(Al0.01V0.15Cr0.09Mn0.07Ni0.61Co0.07Sn0.01)1.88,1.3051945334844814,24.0,,,75.0,-0.661068486,0.83
AB2(C14),(Ti0.37Zr0.63)(Al0.01V0.15Cr0.13Mn0.08Ni0.61Co0.02Sn0.01)1.8,1.3056577716232758,29.0,,,77.0,-2.437512296,0.83
AB2(C14),(Ti0.37Zr0.63)(Al0.01V0.15Cr0.13Mn0.09Ni0.61Co0.02Sn0.01)1.88,1.434970988665205,28.0,,,81.0,-1.553021822,0.91
AB2(C14),(Ti0.37Zr0.63)(Al0.01V0.15Cr0.13Mn0.09Ni0.61Co0.02Sn0.01)1.98,1.3929989392762598,24.0,,,77.0,-0.420522254,0.88
AB2(C14),(Ti0.37Zr0.63)(Al0.01V0.15Cr0.13Mn0.09Ni0.6Co0.02Sn0.01)2.11,1.304017752133754,23.0,,,76.0,-0.137397362,0.82
AB2(C14),(Ti0.37Zr0.63)(Al0.01V0.15Cr0.13Mn0.09Ni0.6Co0.02Sn0.01)2.2,1.1024699254876404,21.0,,,71.0,0.068033074,0.69
AB2(C14),(Ti0.39Zr0.61)(Mn0.38Fe0.62)1.86,1.5505164624727892,25.69,,,103.66,2.10421639,0.97
AB2(C14),(Ti0.3Zr0.7)(Cr0.3Fe0.7)2,1.5238113860008764,22.03,,,89.35,1.859544808,0.96
AB2(C14),(Ti0.3Zr0.7)(Cr0.5Fe0.5)2,1.7092439073211618,29.7,,,97.5,-0.25429202,1.07
AB2(C14),(Ti0.3Zr0.7)(Cr0.5Mn0.5)2,1.874974696643621,33.64,,,93.65,-2.30673167,1.17
AB2(C14),(Ti0.3Zr0.7)(Mn)2,1.892632072835306,29.346,,,80.26,-2.184997648,1.2
AB2(C14),(Ti0.3Zr0.7)(Mn)2,1.582184215013536,32.5,,,96.3,-1.528134182,1.0
AB2(C14),(Ti0.3Zr0.7)(Mn0.71Fe0.29)2.8,1.0259699790057406,13.5,,,53.2,0.952656669,0.63
AB2(C14),(Ti0.3Zr0.7)(V0.15Fe0.85)1.92,1.5276428667984616,26.1,,,102.8,1.835388326,0.97
AB2(C14),(Ti0.3Zr0.7)(V0.1Fe0.9)1.92,1.5083321872351747,23.5,,,105.9,3.257069808,0.96
AB2(C14),(Ti0.3Zr0.7)(V0.25Fe0.75)1.92,1.6443562800759066,33.1,,,103.8,-0.868124616,1.04
AB2(C14),(Ti0.41Zr0.59)(Mn0.44Fe0.56)1.88,1.575802993588497,26.91,,,104.26,1.684234689,0.98
AB2(C14),(Ti0.45Zr0.55)(V0.18Mn0.54Ni0.28)2.48,1.6035016623377654,28.3,,,107.9,1.561305601,0.97
AB2(C14),(Ti0.45Zr0.55)(V0.22Mn0.35Ni0.42)2,2.006634910897765,32.8,,,112.0,0.239134339,1.24
AB2(C14),(Ti0.45Zr0.55)(V0.22Mn0.44Ni0.34)2.05,2.017337134111404,32.3,,,108.6,0.031904748,1.24
AB2(C14),(Ti0.45Zr0.55)(V0.24Mn0.38Ni0.38)1.86,1.8615511752018723,35.6,,,108.1,-1.359445237,1.15
AB2(C14),(Ti0.45Zr0.55)(V0.25Mn0.29Ni0.46)1.83,1.8230656555000544,36.4,,,113.3,-1.05674344,1.13
AB2(C14),(Ti0.45Zr0.55)(V0.26Mn0.16Ni0.58)1.73,1.856660411811542,36.9,,,104.4,-2.328873178,1.16
AB2(C14),(Ti0.45Zr0.55)(V0.27Mn0.12Ni0.61)1.64,1.802626943575366,39.0,,,105.0,-3.103845126,1.13
AB2(C14),(Ti0.45Zr0.55)(V0.27Mn0.32Ni0.42)1.68,1.6926031746562442,54.8,,,153.0,-3.704424081,1.05
AB2(C14),(Ti0.45Zr0.55)(V0.28Mn0.2Ni0.52)1.63,1.7143002980814197,44.2,,,125.7,-2.711861264,1.07
AB2(C14),(Ti0.45Zr0.55)(V0.29Mn0.06Ni0.65)1.54,1.7948234142716737,41.7,,,109.1,-3.699899972,1.13
AB2(C14),(Ti0.45Zr0.55)(V0.29Mn0.15Ni0.56)1.53,1.9872821118900736,47.6,,,133.8,-3.109202251,1.25
AB2(C14),(Ti0.49Zr0.51)(Mn0.45Fe0.55)1.97,1.4812873514849978,24.91,,,107.43,2.872296484,0.9
AB2(C14),(Ti0.4Zr0.6)(Fe)2,1.3978196144135944,18.3,,,127.0,7.892502203,0.87
AB2(C14),(Ti0.4Zr0.6)(Mn)2,1.7779238373353798,35.94,,,102.51,-2.16892728,1.1
AB2(C14),(Ti0.4Zr0.6)(Mn)2,1.5072953859965823,34.81,,,102.62,-1.699857487,0.93
AB2(C14),(Ti0.4Zr0.6)(Mn0.34Fe0.66)1.92,1.4778631194272962,24.57,,,106.09,2.848285831,0.92
AB2(C14),(Ti0.51Zr0.49)(V0.02Mn0.5Fe0.48)1.89,1.6338872805011069,26.42,,,104.39,1.897535218,0.99
AB2(C14),(Ti0.55Zr0.45)(Cr0.42Mn0.19Fe0.27Ni0.1Cu0.01)2,1.5869147867283029,18.46,,,78.1,1.94660314,0.94
AB2(C14),(Ti0.5Zr0.5)(Al0.05Fe0.95)2,1.5029707320002554,16.0,,,117.0,7.617586461,0.9
AB2(C14),(Ti0.5Zr0.5)(Al0.2Fe0.8)2,1.1798309516574657,23.3,,,108.0,3.590322954,0.67
AB2(C14),(Ti0.5Zr0.5)(Cr0.5Fe0.5)2,1.6760783550903675,24.3,,,96.7,1.827838733,1.0
AB2(C14),(Ti0.5Zr0.5)(Cr0.5Mn0.5)2,1.9323462080643168,29.82,,,96.47,-0.42658109,1.15
AB2(C14),(Ti0.5Zr0.5)(Mn0.5Fe0.5)1.91,1.580486966646764,25.13,,,103.65,2.328916543,0.96
AB2(C14),(Ti0.5Zr0.5)(V0.15Fe0.85)1.92,1.3902623251555437,21.9,,,103.1,3.565741896,0.84
AB2(C14),(Ti0.5Zr0.5)(V0.25Cr0.25Fe0.25Ni0.25)2,1.6021443800042854,38.0,,,109.94,-2.106297923,0.96
AB2(C14),(Ti0.65Zr0.35)(Cr0.42Mn0.14Fe0.32Ni0.1Cu0.01)2,1.404027985130023,21.74,,,102.44,3.550905321,0.81
AB2(C14),(Ti0.65Zr0.35)(Cr0.4Mn0.5Fe0.1)1.86,2.092494624345383,26.0,,,96.0,1.057870937,1.21
AB2(C14),(Ti0.65Zr0.35)(Cr0.4Mn0.5Fe0.1)1.9,2.043228337427303,29.0,,,100.0,0.328769377,1.18
AB2(C14),(Ti0.65Zr0.35)(Cr0.4Mn0.5Fe0.1)1.98,2.198854671190688,28.0,,,99.0,0.611894269,1.27
AB2(C14),(Ti0.65Zr0.35)(Cr0.4Mn0.5Fe0.1)2,1.995940633840476,29.0,,,100.0,0.328769377,1.15
AB2(C14),(Ti0.6Zr0.4)(Mn)2,1.5305544662678572,25.69,,,90.79,0.556301384,0.9
AB2(C14),(Ti0.6Zr0.4)(V0.2Fe0.5Ni0.3)2,1.3009254000986288,26.8,,,112.66,2.738902646,0.77
AB2(C14),(Ti0.72Zr0.28)(Cr0.42Mn0.12Fe0.34Ni0.1Cu0.01)1.9,1.6869873422844823,19.26,,,93.66,3.495334422,0.96
AB2(C14),(Ti0.72Zr0.28)(Cr0.42Mn0.14Fe0.32Ni0.1Cu0.01)2,1.6026564629669713,24.847,,,115.33,3.847868177,0.91
AB2(C14),(Ti0.78Zr0.22)(Cr0.42Mn0.19Fe0.27Ni0.1Cu0.02)2.02,1.6093879076263238,23.989,,,108.94,3.425438455,0.9
AB2(C14),(Ti0.7Zr0.3)(Cr0.42Mn0.12Fe0.34Ni0.1Cu0.01)2.03,1.5947998278204805,23.03,,,108.96,3.814702608,0.91
AB2(C14),(Ti0.7Zr0.3)(Cr0.5Fe0.5)2,0.7118022281670702,22.87,,,106.81,3.620659089,0.4
AB2(C14),(Ti0.7Zr0.3)(V0.3Fe0.7)2,2.0944137192537777,31.1,,,116.0,1.406003418,1.2
AB2(C14),(Ti0.81Zr0.19)(V0.05Cr0.48Fe0.48)1.96,1.5998287656971009,21.38,,,103.41,3.812793527,0.88
AB2(C14),(Ti0.83Zr0.17)(Cr0.6Fe0.4)1.96,1.6127726943222505,20.49,,,102.79,4.097248422,0.88
AB2(C14),(Ti0.83Zr0.17)(V0.05Cr0.48Fe0.48)1.96,1.5182791561337974,20.38,,,102.84,4.147635859,0.83
AB2(C14),(Ti0.83Zr0.17)(V0.05Cr0.55Fe0.4)1.96,1.6498693133089066,22.67,,,104.16,3.382614933,0.9
AB2(C14),(Ti0.83Zr0.17)(V0.05Cr0.6Fe0.35)1.96,0.9071831461254544,24.42,,,106.69,2.980959402,0.49
AB2(C14),(Ti0.83Zr0.17)(V0.1Cr0.5Fe0.4)1.96,1.632873692879971,24.41,,,104.84,2.762488118,0.89
AB2(C14),(Ti0.85Zr0.15)(Cr0.42Mn0.5Fe0.07)1.82,1.5082144839095886,22.2,,,103.9,3.540940987,0.82
AB2(C14),(Ti0.85Zr0.15)(Cr0.42Mn0.5Mo0.08)1.82,1.6621061884284374,21.7,,,100.9,3.381820642,0.94
AB2(C14),(Ti0.85Zr0.15)(Cr0.45Mn0.15Fe0.29Ni0.1Cu0.02)2.02,1.6757190579811336,22.035,,,110.3,4.377249602,0.92
AB2(C14),(Ti0.85Zr0.15)(Cr0.45Mn0.5Fe0.05)1.82,1.6005307096987509,24.7,,,112.4,3.554767454,0.87
AB2(C14),(Ti0.85Zr0.15)(Cr0.45Mn0.5Mo0.05)1.82,1.7754464256699294,23.7,,,106.4,3.236526765,0.99
AB2(C14),(Ti0.85Zr0.15)(Cr0.45Mn0.5W0.05)1.82,1.3533244195833765,22.6,,,106.2,3.656209951,0.79
AB2(C14),(Ti0.85Zr0.15)(Cr0.46Mn0.5Fe0.04)1.82,1.6012566985385297,25.4,,,112.7,3.308470783,0.87
AB2(C14),(Ti0.85Zr0.15)(Cr0.47Mn0.5Fe0.02)1.82,1.60236042030726,26.7,,,115.0,3.060681539,0.87
AB2(C14),(Ti0.85Zr0.15)(Cr0.47Mn0.5Mo0.03)1.82,1.8824254176254211,26.2,,,115.2,3.286435166,1.04
AB2(C14),(Ti0.85Zr0.15)(Cr0.47Mn0.5W0.03)1.82,1.4284112093928087,24.3,,,109.2,3.331252685,0.81
AB2(C14),(Ti0.85Zr0.15)(Cr0.49Mn0.5W0.01)1.82,1.525942357806099,26.3,,,113.8,3.077713003,0.84
AB2(C14),(Ti0.85Zr0.15)(Cr0.5Mn0.5)1.82,1.80333536787174,26.6,,,112.1,2.752229303,0.98
AB2(C14),(Ti0.85Zr0.15)(Cr0.5Mn0.5)1.82,1.6947982778035342,26.6,,,112.1,2.752229303,0.92
AB2(C14),(Ti0.85Zr0.15)(Cr0.5Mn0.5)2,1.8401066913340332,25.3,,,112.1,3.276646714,1.0
AB2(C14),(Ti0.85Zr0.15)(Cr0.6Mn0.4)2,2.027646395156104,26.2,,,114.0,3.142107427,1.1
AB2(C14),(Ti0.85Zr0.15)(V0.05Cr0.48Fe0.48)1.96,1.4719838978537596,19.62,,,101.91,4.342364347,0.8
AB2(C14),(Ti0.85Zr0.15)(V0.15Cr0.1Mn0.6Fe0.03Ni0.11Cu0.01)2,1.851359057230859,26.61,,,109.68,2.457134382,1.02
AB2(C14),(Ti0.85Zr0.15)(V0.18Cr0.08Mn0.6Fe0.03Ni0.11Cu0.01)2,1.3148908673067656,21.17,,,102.63,3.803694078,0.72
AB2(C14),(Ti0.8Zr0.2)(Cr0.4Mn0.6)2,1.9871311972386487,28.87,,,112.97,1.941153435,1.1
AB2(C14),(Ti0.8Zr0.2)(Cr0.5Mn0.5)1.82,1.902986410242026,28.3,,,111.8,2.030370754,1.05
AB2(C14),(Ti0.8Zr0.2)(Cr0.5Mn0.5)2,2.1183525666001106,21.45,,,91.61,2.365332895,1.17
AB2(C14),(Ti0.8Zr0.2)(Cr0.5Mn0.5)2,1.565868459687831,21.54,,,98.63,3.17334435,0.86
AB2(C14),(Ti0.8Zr0.2)(V0.2Fe0.8)2,1.8037084296593016,17.85,,,99.25,4.736452333,1.01
AB2(C14),(Ti0.8Zr0.2)(V0.2Fe0.8)2,1.8037084296593016,19.7,,,109.9,5.271074705,1.01
AB2(C14),(Ti0.93Zr0.07)(V0.1Cr0.35Mn0.55)2,1.823475002483837,22.86,,,100.41,2.854945126,0.97
AB2(C14),(Ti0.94Zr0.06)(V0.1Cr0.35Mn0.55)2,1.828403373315666,22.36,,,99.61,2.960425637,0.97
AB2(C14),(Ti0.95Zr0.05)(Cr0.5Mn0.5)2,1.8899723715338248,20.8,,,105.0,4.237998626,1.0
AB2(C14),(Ti0.95Zr0.05)(Cr0.6Mn0.4)2,1.7478451539153104,21.9,,,108.1,4.167107477,0.92
AB2(C14),(Ti0.95Zr0.05)(V0.19Cr0.1Mn0.58Fe0.03Ni0.1Cu0.01)2.07,1.6652291941275827,25.0,,,112.3,3.421720739,0.89
AB2(C14),(Ti0.95Zr0.05)(V0.1Cr0.25Mn0.65)2,1.8451243810286064,21.18,,,97.25,3.152590733,0.98
AB2(C14),(Ti0.95Zr0.05)(V0.1Cr0.35Mn0.55)2,1.814800862003071,21.27,,,96.88,3.071783859,0.96
AB2(C14),(Ti0.95Zr0.05)(V0.1Cr0.45Mn0.45)2,1.784230323430424,21.64,,,97.34,2.977852229,0.94
AB2(C14),(Ti0.95Zr0.05)(V0.2Mn0.7Fe0.05Ni0.05)2.15,1.7747866771758758,28.11,,,112.34,2.171963858,0.95
AB2(C14),(Ti0.96Zr0.04)(V0.2Cr0.02Mn0.73Fe0.05)1.91,1.6406892382892877,25.8,,,110.0,2.822374165,0.87
AB2(C14),(Ti0.97Ce0.03)(Cr0.55Mn0.15Fe0.3)1.91,1.6405330215962786,19.27,,,112.11,5.710339435,0.87
AB2(C14),(Ti0.97Ho0.03)(Cr0.55Mn0.15Fe0.3)1.91,1.6696261234157013,19.39,,,111.29,5.563307719,0.89
AB2(C14),(Ti0.97La0.03)(Cr0.55Mn0.15Fe0.3)1.91,1.7150666273112152,16.63,,,104.17,5.820341635,0.91
AB2(C14),(Ti0.98Zr0.02)(V0.16Cr0.06Mn0.72Fe0.06)2.41,1.398699250498302,24.8,,,111.3,3.382127225,0.74
AB2(C14),(Ti0.98Zr0.02)(V0.19Cr0.02Mn0.74Fe0.04)2.11,1.5343019041930983,24.7,,,109.3,3.181920793,0.81
AB2(C14),(Ti0.98Zr0.02)(V0.21Cr0.02Mn0.72Fe0.05)2.21,1.514998425077526,24.2,,,107.1,3.119018942,0.8
AB2(C14),(Ti0.98Zr0.02)(V0.21Cr0.02Mn0.73Fe0.04)2.06,1.498817883025099,24.06,,,101.56,2.509181599,0.79
AB2(C14),(Ti0.98Zr0.02)(V0.23Cr0.02Mn0.71Fe0.04)2.28,1.608957066979553,24.3,,,109.5,3.36733462,0.85
AB2(C14),(Ti0.98Zr0.02)(V0.23Cr0.02Mn0.71Fe0.05)2.13,1.3488701405639538,24.0,,,107.8,3.283889725,0.71
AB2(C14),(Ti0.98Zr0.02)(V0.23Cr0.03Mn0.67Fe0.07)1.94,1.2958864163617645,28.7,,,117.5,2.554568313,0.68
AB2(C14),(Ti0.98Zr0.02)(V0.25Cr0.03Mn0.67Fe0.05)1.9,1.5986143714540633,27.8,,,108.5,1.835168474,0.84
AB2(C14),(Ti0.98Zr0.02)(V0.27Cr0.02Mn0.66Fe0.05)1.82,1.3189821634169538,29.9,,,110.2,1.192496954,0.69
AB2(C14),(Ti0.98Zr0.02)(V0.2Cr0.02Mn0.65Fe0.05Ni0.09)2.19,1.6372540598982948,26.3,,,111.1,2.752975589,0.87
AB2(C14),(Ti0.98Zr0.02)(V0.34Cr0.02Mn0.6Fe0.03)2.09,1.659343534480489,27.2,,,105.9,1.764497177,0.87
AB2(C14),(Ti0.99Zr0.01)(V0.52Cr0.02Mn0.43Fe0.03)1.87,1.7582192866343014,32.7,,,99.2,-1.260021747,0.91
AB2(C14),(Ti0.9Zr0.1)(Cr0.42Mn0.55Mo0.02)1.6,1.4997293473308193,24.0,,,110.0,3.548490581,0.81
AB2(C14),(Ti0.9Zr0.1)(Cr0.5Mn0.5)1.82,1.682209628264993,25.5,,,112.6,3.25610367,0.9
AB2(C14),(Ti0.9Zr0.1)(Cr0.5Mn0.5)2,1.257088698469622,22.5,,,104.9,3.5401947,0.67
AB2(C14),(Ti0.9Zr0.1)(V0.15Fe0.85)2,1.791785055922626,13.5,,,112.9,8.132961705,0.98
AB2(C14),(Ti0.9Zr0.1)(V0.1Cr0.18Mn0.7Fe0.02)2,1.9064160158517227,25.89,,,106.9,2.413221685,1.03
AB2(C14),(Ti0.9Zr0.1)(V0.1Cr0.32Mn0.4Fe0.02Ni0.15Cu0.01)2,1.6649654857298894,25.29,,,110.11,3.041337193,0.9
AB2(C14),(Ti0.9Zr0.1)(V0.1Cr0.35Mn0.55)2,1.8820358502856716,22.92,,,97.9,2.528855724,1.01
AB2(C14),(Ti0.9Zr0.1)(V0.1Fe0.75Ni0.15)2,1.795142703656177,12.08,,,119.5,9.499589444,0.99
AB2(C14),(Ti0.9Zr0.1)(V0.35Mn0.65)2,1.7348968404739646,30.0,,,99.56,-0.127548803,0.93
AB2(C14),(Zr)(Al0.4Fe0.6)2,1.0482722038598973,47.6,,,122.4,-4.480315776,0.63
AB2(C14),(Zr)(Cr)2,1.8248323778367672,45.19,,,121.34,-3.635616079,1.2
AB2(C14),(Zr)(Cr0.11Mn0.44Fe0.44)2.25,1.7787308354148788,25.6,,,75.0,-1.3065053,1.19
AB2(C14),(Zr)(Cr0.25Fe0.75)2,1.3359308826544036,32.3,,,112.97,0.557498266,0.9
AB2(C14),(Zr)(Cr0.25Fe0.75)2,1.4091034512366694,24.27,,,92.05,1.280670683,0.95
AB2(C14),(Zr)(Cr0.2Fe0.8)2,1.4793765858351693,28.4,,,100.8,0.667026675,1.0
AB2(C14),(Zr)(Cr0.36Fe0.36Co0.29)2.8,1.1391830147881117,20.02,,,88.14,2.524844334,0.74
AB2(C14),(Zr)(Cr0.36Fe0.36Cu0.29)2.8,1.1823627925165567,29.78,,,93.05,-0.821779227,0.78
AB2(C14),(Zr)(Cr0.36Fe0.36Ni0.29)2.8,1.063856543155829,20.73,,,88.29,2.256472715,0.69
AB2(C14),(Zr)(Cr0.36Fe0.64)2.8,1.2570012463678848,19.51,,,77.54,1.455682286,0.81
AB2(C14),(Zr)(Cr0.36Mn0.29Fe0.36)2.8,1.4001668564128111,29.5,,,94.8,-0.498349832,0.9
AB2(C14),(Zr)(Cr0.38Fe0.62)2.6,1.1106452610455748,29.1,,,107.6,1.202505259,0.72
AB2(C14),(Zr)(Cr0.38Fe0.62)2.6,1.8374702508994665,25.2,,,92.2,0.923551502,1.2
AB2(C14),(Zr)(Cr0.3Fe0.7)2,1.5434510696977046,26.92,,,89.43,-0.103449604,1.04
AB2(C14),(Zr)(Cr0.3Fe0.7)2,1.4849690966865423,28.5,,,94.7,-0.106979135,1.0
AB2(C14),(Zr)(Cr0.3Fe0.7)2,1.4849690966865423,29.8,,,100.3,0.042132905,1.0
AB2(C14),(Zr)(Cr0.42Fe0.58)2.4,1.9430266472781648,20.0,,,65.6,-0.178043745,1.28
AB2(C14),(Zr)(Cr0.4Fe0.6)2,1.5199629994455397,32.97,,,99.16,-1.373750134,1.02
AB2(C14),(Zr)(Cr0.4Fe0.6)2,1.490604051025898,36.2,,,103.3,-2.178795,1.0
AB2(C14),(Zr)(Cr0.4Fe0.6)2.5,1.7409173300665413,22.7,,,80.3,0.50079644,1.14
AB2(C14),(Zr)(Cr0.5Co0.5)2,1.5752989829879105,40.17,,,121.34,-1.610558077,1.07
AB2(C14),(Zr)(Cr0.5Fe0.5)2,1.6875160854832805,49.37,,,133.89,-3.812392146,1.13
AB2(C14),(Zr)(Cr0.5Fe0.5)2,1.4962819338625084,39.4,,,103.6,-3.433586692,1.0
AB2(C14),(Zr)(Cr0.5Fe0.5)2,1.6434510611168234,36.1,,,99.0,-2.655629599,1.1
AB2(C14),(Zr)(Cr0.5Mn0.5)2,1.9011296469761103,37.21,,,82.12,-5.133611589,1.27
AB2(C14),(Zr)(Cr0.71Co0.29)2.8,1.3096558919768484,45.3,,,118.9,-3.973456263,0.84
AB2(C14),(Zr)(Cr0.71Fe0.29)2.8,1.5712329839654409,46.5,,,130.7,-3.038311102,1.0
AB2(C14),(Zr)(Cr0.71Ni0.29)2.8,1.816258347362776,37.9,,,101.2,-3.117145158,1.17
AB2(C14),(Zr)(Fe0.5Mo0.5)2,1.216890399438774,40.74,,,127.08,-1.150127255,0.99
AB2(C14),(Zr)(Fe0.9Mo0.1)2,1.6634448371455195,25.9,,,112.5,3.082717155,1.18
AB2(C14),(Zr)(Mn)2,1.7723868030641925,53.14,,,121.34,-6.842630245,1.2
AB2(C14),(Zr)(Mn)2,1.7723868030641925,40.4,,,121.34,-1.703339619,1.2
AB2(C14),(Zr)(Mn)2.5,1.8184292343563917,18.0,,,51.5,-1.067098667,1.2
AB2(C14),(Zr)(Mn)2.7,1.3059838056459,33.6,,,100.6,-1.454697592,0.85
AB2(C14),(Zr)(Mn)2.8,1.4631369416793505,32.9,,,91.3,-2.290858967,0.95
AB2(C14),(Zr)(Mn)3.8,1.1951182402948826,17.0,,,51.0,-0.723837216,0.75
AB2(C14),(Zr)(Mn0.2Fe0.8)2,0.9170890810901616,26.7,,,109.6,2.411206711,0.62
AB2(C14),(Zr)(Mn0.3Fe0.7)2,1.3705650981293531,24.5,,,98.3,1.939596117,0.93
AB2(C14),(Zr)(Mn0.48Fe0.52)2.33,1.159402680074486,18.3,,,51.7,-1.164063446,0.77
AB2(C14),(Zr)(Mn0.48Fe0.52)2.33,1.27832026974795,29.4,,,104.9,0.756748443,0.85
AB2(C14),(Zr)(Mn0.52Fe0.48)2.36,1.236001575965159,31.0,,,106.0,0.243612057,0.82
AB2(C14),(Zr)(Mn0.55Fe0.45)2.8,1.3808478880480588,9.4,,,43.3,1.415884653,0.9
AB2(C14),(Zr)(Mn0.5Co0.5)2,1.495863777908722,34.73,,,108.78,-0.926703251,1.03
AB2(C14),(Zr)(Mn0.5Fe0.35Co0.15)2,1.2070959320473398,23.73,,,87.22,0.917586456,0.82
AB2(C14),(Zr)(Mn0.5Fe0.5)2,1.43120096016535,30.12,,,89.54,-1.381093188,0.97
AB2(C14),(Zr)(Mn0.5Fe0.5)2,1.474812097338575,36.9,,,109.3,-1.739534909,1.0
AB2(C14),(Zr)(Mn0.62Fe0.37)3.2,0.7514307129341707,6.8,,,32.8,1.201851754,0.48
AB2(C14),(Zr)(Mn0.6Co0.4)2,1.501626449514462,35.98,,,105.44,-1.832662969,1.03
AB2(C14),(Zr)(Mn0.6Fe0.4)2,1.5778159518504573,33.05,,,96.23,-1.758422205,1.07
AB2(C14),(Zr)(Mn0.71Co0.29)2.8,0.8412878006528655,23.8,,,84.0,0.502069161,0.55
AB2(C14),(Zr)(Mn0.71Co0.29)2.8,0.9170671303584436,18.5,,,50.0,-1.449207345,0.6
AB2(C14),(Zr)(Mn0.71Cu0.29)2.8,1.3788166630055652,35.9,,,83.4,-4.45121061,0.92
AB2(C14),(Zr)(Mn0.71Cu0.29)2.8,1.3788166630055652,31.6,,,83.4,-2.716599174,0.92
AB2(C14),(Zr)(Mn0.71Cu0.29)2.8,1.4083687899501989,27.0,,,61.2,-3.531031515,0.94
AB2(C14),(Zr)(Mn0.71Fe0.29)2.79,1.1700213781799496,29.3,,,107.6,1.121825657,0.76
AB2(C14),(Zr)(Mn0.71Fe0.29)2.8,1.7304412717611743,25.0,,,83.0,-0.102281565,1.13
AB2(C14),(Zr)(Mn0.71Ni0.29)2.8,1.2952356066749513,18.6,,,70.8,1.012133671,0.85
AB2(C14),(Zr)(Mn0.71Ni0.29)2.8,1.325307836032236,26.4,,,92.1,0.427446581,0.87
AB2(C14),(Zr)(Mn0.75Co0.25)2,1.654564328378363,44.35,,,117.15,-3.800706109,1.13
AB2(C14),(Zr)(Mn0.88Fe0.13)3.2,1.236493141274954,21.7,,,80.3,0.904194449,0.79
AB2(C14),(Zr)(Mn0.88Ni0.13)3.2,1.2926706928911165,15.89,,,65.18,1.429407361,0.83
AB2(C14),(Zr)(Mn0.8Fe0.2)2,1.0838050649692823,42.2,,,103.8,-4.539046492,0.73
AB2(C14),(Zr)(Mn0.93Fe0.07)2.8,1.416574567573632,15.0,,,47.4,-0.350024418,0.92
AB2(C14),(Zr)(V0.15Fe0.85)1.92,1.703229511166208,29.1,,,102.2,0.553030432,1.16
AB2(C14),(Zr)(V0.25Co0.75)2,1.4529328232911347,34.31,,,109.62,-0.65624667,1.0
AB2(C14),(Zr)(V0.25Fe0.75)1.92,1.8126612956882144,42.5,,,123.6,-2.278658194,1.23
AB2(C14),(Zr)(V0.25Fe0.75)2,1.5883767003805631,32.22,,,87.86,-2.430287841,1.07
AB2(C14),(Zr)(V0.5Co0.5)2,1.8159042254992463,49.37,,,101.67,-7.687591949,1.23
AB2(C14),(Zr)(V0.5Fe0.5)2,1.6077276581358304,48.12,,,93.72,-8.139515713,1.07
AB2(C15),(Sc)(Fe)1.8,1.7347621582530524,29.6,,,86.0,-1.597093055,0.91
AB2(C15),(Sc0.2Zr0.8)(Fe)2,1.884337121630144,21.0,,,117.0,5.600596419,1.23
AB2(C15),(Sc0.5Zr0.5)(Fe)2,1.9784160539198965,19.0,,,95.0,3.761383879,1.2
AB2(C15),(Ti)(Cr)1.8,2.452151837254587,21.3,,,116.0,5.3593039,1.26
AB2(C15),(Ti)(Cr0.93Mo0.07)2.37,0.0,17.2,,,117.0,7.133508851,0.0
AB2(C15),(Ti)(Cr0.95Ni0.05)1.85,2.137384663918657,20.5,,,107.8,4.695782754,1.1
AB2(C15),(Ti0.15Zr0.85)(V0.06Mn0.33Fe0.06Ni0.56)1.96,1.6915291511822386,33.984,,,107.67,-0.759271496,1.13
AB2(C15),(Ti0.15Zr0.85)(V0.06Mn0.33Fe0.06Ni0.56)2.01,1.7102037704977269,35.25,,,113.33,-0.589227537,1.14
AB2(C15),(Ti0.15Zr0.85)(V0.06Mn0.33Fe0.06Ni0.56)2.06,1.521564183391729,34.538,,,116.61,0.092487666,1.01
AB2(C15),(Ti0.15Zr0.85)(V0.06Mn0.33Fe0.06Ni0.56)2.11,1.5100214676889376,28.129,,,98.06,0.446799197,1.0
AB2(C15),(Ti0.21Zr0.78La0.01)(V0.06Mn0.32Fe0.06Ni0.56Sn0.01)2.15,0.9466232636248014,35.4,,,130.0,1.355215609,0.62
AB2(C15),(Ti0.21Zr0.78La0.01)(V0.06Mn0.32Fe0.06Ni0.56Sn0.01)2.18,1.564598806651716,31.8,,,119.0,1.484444161,1.03
AB2(C15),(Ti0.2Zr0.8)(Fe)2,1.7737684443497277,19.8,,,125.0,7.046858959,1.16
AB2(C15),(Ti0.2Zr0.8)(V0.1Fe0.5Ni0.4)2,1.866556317884583,26.8,,,118.3,3.417243022,1.23
AB2(C15),(Ti0.37Zr0.63)(Al0.01V0.15Cr0.05Mn0.06Ni0.61Co0.12Sn0.01)1.98,0.931330914475094,12.0,,,47.0,0.812060361,0.59
AB2(C15),(Ti0.37Zr0.63)(Al0.01V0.15Cr0.05Mn0.06Ni0.6Co0.12Sn0.01)2.1,0.902904335927489,11.0,,,47.0,1.215458369,0.57
AB2(C15),(Ti0.37Zr0.63)(Al0.01V0.15Cr0.05Mn0.06Ni0.6Co0.12Sn0.01)2.2,0.6213100469565835,7.0,,,32.0,1.02495366,0.39
AB2(C15),(Ti0.37Zr0.63)(Al0.01V0.15Cr0.08Mn0.08Ni0.6Co0.08Sn0.01)2.1,1.0633263366889796,20.0,,,72.0,0.591704199,0.67
AB2(C15),(Ti0.37Zr0.63)(Al0.01V0.15Cr0.08Mn0.08Ni0.6Co0.08Sn0.01)2.2,0.7662985197869435,14.0,,,54.0,0.847176157,0.48
AB2(C15),(Ti0.4Zr0.6)(Fe0.6Ni0.4)2,1.6465236566940746,16.5,,,124.0,8.25779927,1.04
AB2(C15),(Ti0.8Zr0.2)(V0.1Fe0.5Ni0.4)2,2.146834351602797,15.1,,,117.0,7.980644668,1.23
AB2(C15),(Y0.09Zr0.91)(Fe)1.97,1.2063493863108274,23.73,,,119.99,4.858936474,0.82
AB2(C15),(Y0.14Zr0.86)(Fe)2.04,1.54649834033317,24.41,,,118.69,4.428270777,1.05
AB2(C15),(Y0.26Zr0.74)(Fe)2.05,1.6365086193066491,24.05,,,105.01,2.92815783,1.11
AB2(C15),(Y0.29Zr0.71)(Fe)2.02,1.6922502914685973,29.19,,,114.49,1.994881209,1.15
AB2(C15),(Y0.2Zr0.8)(Fe)1.95,1.5829378768256737,25.06,,,116.53,3.90627214,1.08
AB2(C15),(Y0.39Zr0.61)(Fe)1.98,1.776988870890427,31.3,,,107.58,0.312624178,1.21
AB2(C15),(Zr)(Al0.03Fe0.97)1.93,1.5035636891200452,12.64,,,83.13,4.899353323,1.02
AB2(C15),(Zr)(Al0.05Fe0.95)1.93,1.3071589531166818,15.2,,,90.6,4.7650946,0.88
AB2(C15),(Zr)(Al0.07Fe0.93)1.92,1.2547109388275606,15.9,,,88.5,4.23014245,0.84
AB2(C15),(Zr)(Al0.12Fe0.88)1.92,1.0026398245803885,19.3,,,90.3,3.075080831,0.66
AB2(C15),(Zr)(Al0.12Fe0.88)2,1.4145713536484184,19.3,,,92.4,3.327654375,0.93
AB2(C15),(Zr)(Al0.15Fe0.85)1.92,0.905027989018754,21.4,,,92.3,2.468491246,0.59
AB2(C15),(Zr)(Al0.16Fe0.84)2,1.431194879704301,23.4,,,97.9,2.33522468,0.93
AB2(C15),(Zr)(Al0.1Fe0.9)1.92,1.1462560159105073,18.1,,,92.9,3.871868543,0.76
AB2(C15),(Zr)(Al0.2Fe0.8)2,1.3560476112785609,28.7,,,101.5,0.630198454,0.87
AB2(C15),(Zr)(Cr)2,1.9292272986213197,46.02,,,98.32,-6.739123561,1.27
AB2(C15),(Zr)(Cr)2,1.9739000453952893,39.2,,,98.0,-4.026436541,1.3
AB2(C15),(Zr)(Cr0.1Fe0.9)2,1.777827072407456,22.0,,,109.0,4.235013481,1.21
AB2(C15),(Zr)(Cr0.1Fe0.9)2,0.639114273943906,23.2,,,108.0,3.630662755,0.43
AB2(C15),(Zr)(Fe)1.9,1.8465035988291076,21.8,,,121.4,5.807079724,1.27
AB2(C15),(Zr)(Fe)2,1.7999512301565126,21.2,,,122.0,6.121282398,1.23
AB2(C15),(Zr)(Fe)2.5,1.786150053690164,18.3,,,120.0,7.05059039,1.19
AB2(C15),(Zr)(Fe0.6Ni0.4)2,1.780318157367091,21.7,,,114.0,4.957398465,1.23
AB2(C15),(Zr)(Fe0.7Ni0.3)2,1.7424036991239231,21.6,,,114.0,4.997738265,1.2
AB2(C15),(Zr)(Fe0.8Ni0.2)2,0.735489025043645,22.0,,,115.0,4.956652178,0.5
AB2(C15),(Zr)(Fe0.8Ni0.2)2,1.7471831833197329,18.7,,,111.0,5.806773141,1.2
AB2(C15),(Zr)(Fe0.9Co0.1)2,1.722893271785217,16.8,,,108.1,6.22443732,1.18
AB2(C15),(Zr)(Fe0.9Cu0.1)2,1.6294573166339643,19.6,,,112.0,5.56398805,1.12
AB2(C15),(Zr)(Fe0.9Ni0.1)2,0.5908979647332618,22.6,,,120.0,5.315978954,0.4
AB2(C15),(Zr)(Fe0.9Ni0.1)2,1.7232923421792568,21.5,,,119.7,5.723634828,1.18
AB2(C15),(Zr)(Mn0.11Fe0.89)1.97,0.7830076717963119,18.06,,,91.23,3.687148359,0.53
AB2(C15),(Zr)(Mn0.15Fe0.85)1.91,1.1878843880239645,19.06,,,91.76,3.347495102,0.81
AB2(C15),(Zr)(Mn0.1Fe0.9)2,1.7727587714234168,21.8,,,115.8,5.133550273,1.21
AB2(C15),(Zr)(Mn0.2Fe0.8)1.92,1.5216378889259186,19.97,,,92.81,3.106689687,1.04
AB2(C15),(Zr)(Mn0.3Fe0.7)1.95,1.5834603548210324,25.5,,,99.25,1.650457569,1.08
AB2(C15),(Zr)(V)2,2.44416846226466,91.21,,,133.89,-20.69056482,1.6
AB2(C15),(Zr)(V)2,2.7857300380540737,78.0,,,88.4,-20.83290118,1.83
AB2(C15),(Zr)(V0.02Fe0.98)2.03,1.732640218339631,20.41,,,113.86,5.460943659,1.18
AB2(C15),(Zr)(V0.05Fe0.95)1.93,1.350072587961087,23.0,,,115.1,4.565281481,0.92
AB2(C15),(Zr)(V0.05Fe0.95)2.06,1.5785897477705824,20.69,,,111.99,5.123081489,1.07
AB2(C15),(Zr)(V0.05Mn0.09Fe0.86)1.92,1.5237526936999168,19.27,,,87.86,2.793716368,1.04
AB2(C15),(Zr)(V0.05Mn0.15Fe0.79)1.94,1.5823703383554937,20.75,,,85.58,1.92246461,1.08
AB2(C15),(Zr)(V0.07Fe0.93)1.98,1.645185164819697,21.86,,,111.61,4.605402035,1.12
AB2(C15),(Zr)(V0.08Fe0.92)2.01,1.706725094170009,22.03,,,108.38,4.148342209,1.16
AB2(C15),(Zr)(V0.1Fe0.9)1.92,1.555030775168496,24.2,,,105.4,2.914554644,1.06
AB2(C15),(Zr)(V0.1Fe0.9)2,1.765202735771339,23.6,,,102.0,2.747664854,1.2
